         Datum/Zeit;Psychro T;Psychro Tf;Pyranometer CM3;Temperatur; Feuchte;   Regen;Wind (m/s);Druck (hPa);Windmax (m/s)
26.02.2024 00:00:00;  101.00;  -50.00;   40.00;    2.01;   0.887;       0;    0.42;  996.78;    0.53
26.02.2024 00:01:00;  101.00;  -50.00;   40.00;    1.99;   0.886;       0;    0.21;  996.78;    0.37
26.02.2024 00:02:00;  101.00;  -50.00;   40.00;    1.97;   0.885;       0;    0.13;  996.79;    0.22
26.02.2024 00:03:00;  101.00;  -50.00;   40.00;    1.95;   0.884;       0;    0.14;  996.80;    0.31
26.02.2024 00:04:00;  101.00;  -50.00;   40.00;    1.92;   0.883;       0;    0.14;  996.80;    0.28
26.02.2024 00:05:00;  101.00;  -50.00;   40.00;    1.87;   0.882;       0;    0.00;  996.81;    0.00
26.02.2024 00:06:00;  101.00;  -50.00;   40.00;    1.84;   0.882;       0;    0.00;  996.83;    0.00
26.02.2024 00:07:00;   95.97;  -50.00;   40.00;    1.82;   0.882;       0;    0.00;  996.83;    0.00
26.02.2024 00:08:00;  101.00;  -50.00;   40.00;    1.80;   0.883;       0;    0.02;  996.83;    0.17
26.02.2024 00:09:00;  101.00;  -50.00;   40.00;    1.79;   0.884;       0;    0.56;  996.82;    0.66
26.02.2024 00:10:00;   90.93;  -50.00;   40.00;    1.79;   0.885;       0;    0.62;  996.81;    0.76
26.02.2024 00:11:00;  101.00;  -50.00;   40.00;    1.79;   0.886;       0;    0.87;  996.79;    1.04
26.02.2024 00:12:00;  101.00;  -50.00;   40.00;    1.77;   0.886;       0;    0.77;  996.78;    0.80
26.02.2024 00:13:00;  101.00;  -50.00;   40.00;    1.76;   0.886;       0;    0.88;  996.77;    1.08
26.02.2024 00:14:00;   95.97;  -50.00;   40.00;    1.76;   0.887;       0;    0.84;  996.75;    1.04
26.02.2024 00:15:00;  101.00;  -50.00;   40.00;    1.76;   0.887;       0;    0.70;  996.74;    0.96
26.02.2024 00:16:00;  101.00;  -50.00;   40.00;    1.75;   0.887;       0;    0.82;  996.73;    0.96
26.02.2024 00:17:00;   90.93;  -50.00;   40.00;    1.74;   0.887;       0;    0.83;  996.74;    1.02
26.02.2024 00:18:00;  101.00;  -50.00;   40.00;    1.74;   0.887;       0;    0.84;  996.74;    0.92
26.02.2024 00:19:00;  101.00;  -50.00;   40.00;    1.74;   0.888;       0;    0.76;  996.74;    0.88
26.02.2024 00:20:00;   95.97;  -50.00;   40.00;    1.74;   0.888;       0;    0.79;  996.75;    0.91
26.02.2024 00:21:00;  101.00;  -50.00;   40.00;    1.73;   0.888;       0;    0.85;  996.74;    0.98
26.02.2024 00:22:00;   95.97;  -50.00;   40.00;    1.72;   0.887;       0;    0.76;  996.74;    0.83
26.02.2024 00:23:00;  101.00;  -50.00;   40.00;    1.73;   0.889;       0;    1.11;  996.74;    1.33
26.02.2024 00:24:00;  101.00;  -50.00;   40.00;    1.75;   0.891;       0;    0.95;  996.73;    1.28
26.02.2024 00:25:00;   95.97;  -50.00;   40.00;    1.80;   0.894;       0;    1.06;  996.72;    1.23
26.02.2024 00:26:00;  101.00;  -50.00;   40.00;    1.84;   0.895;       0;    1.14;  996.70;    1.47
26.02.2024 00:27:00;  101.00;  -50.00;   40.00;    1.88;   0.895;       0;    1.13;  996.70;    1.31
26.02.2024 00:28:00;  101.00;  -50.00;   40.00;    1.92;   0.895;       0;    1.28;  996.69;    1.80
26.02.2024 00:29:00;  101.00;  -50.00;   40.00;    1.95;   0.895;       0;    1.10;  996.69;    1.44
26.02.2024 00:30:00;   90.93;  -50.00;   40.00;    1.98;   0.894;       0;    0.88;  996.69;    1.03
26.02.2024 00:31:00;   95.97;  -50.00;   40.00;    1.99;   0.894;       0;    1.01;  996.69;    1.32
26.02.2024 00:32:00;  101.00;  -50.00;   40.00;    2.01;   0.894;       0;    1.06;  996.68;    1.46
26.02.2024 00:33:00;  101.00;  -50.00;   40.00;    2.02;   0.893;       0;    1.18;  996.69;    1.56
26.02.2024 00:34:00;   95.97;  -50.00;   40.00;    2.04;   0.893;       0;    0.91;  996.68;    1.44
26.02.2024 00:35:00;   90.93;  -50.00;   40.00;    2.06;   0.893;       0;    0.77;  996.68;    0.99
26.02.2024 00:36:00;  101.00;  -50.00;   40.00;    2.07;   0.893;       0;    0.88;  996.66;    1.34
26.02.2024 00:37:00;  101.00;  -50.00;   40.00;    2.08;   0.892;       0;    1.24;  996.66;    1.53
26.02.2024 00:38:00;  101.00;  -50.00;   40.00;    2.08;   0.891;       0;    0.89;  996.64;    1.14
26.02.2024 00:39:00;  101.00;  -50.00;   40.00;    2.08;   0.891;       0;    0.84;  996.62;    1.17
26.02.2024 00:40:00;  101.00;  -50.00;   40.00;    2.06;   0.890;       0;    1.04;  996.62;    1.49
26.02.2024 00:41:00;  101.00;  -50.00;   40.00;    2.05;   0.890;       0;    1.03;  996.62;    1.44
26.02.2024 00:42:00;  101.00;  -50.00;   40.00;    2.03;   0.889;       0;    0.81;  996.61;    1.12
26.02.2024 00:43:00;  101.00;  -50.00;   40.00;    2.01;   0.888;       0;    0.99;  996.61;    1.27
26.02.2024 00:44:00;  101.00;  -50.00;   40.00;    1.98;   0.888;       0;    0.68;  996.61;    0.84
26.02.2024 00:45:00;  101.00;  -50.00;   40.00;    1.95;   0.887;       0;    0.81;  996.61;    1.21
26.02.2024 00:46:00;  101.00;  -50.00;   40.00;    1.91;   0.886;       0;    0.86;  996.62;    1.06
26.02.2024 00:47:00;  101.00;  -50.00;   40.00;    1.88;   0.886;       0;    0.72;  996.62;    1.06
26.02.2024 00:48:00;  101.00;  -50.00;   40.00;    1.86;   0.886;       0;    0.52;  996.63;    0.76
26.02.2024 00:49:00;  101.00;  -50.00;   40.00;    1.84;   0.887;       0;    0.49;  996.63;    0.58
26.02.2024 00:50:00;  101.00;  -50.00;   40.00;    1.82;   0.887;       0;    0.39;  996.64;    0.49
26.02.2024 00:51:00;   95.97;  -50.00;   40.00;    1.79;   0.887;       0;    0.47;  996.64;    0.51
26.02.2024 00:52:00;  101.00;  -50.00;   40.00;    1.77;   0.886;       0;    0.52;  996.64;    0.57
26.02.2024 00:53:00;  101.00;  -50.00;   40.00;    1.74;   0.886;       0;    0.44;  996.64;    0.52
26.02.2024 00:54:00;  101.00;  -50.00;   40.00;    1.72;   0.887;       0;    0.44;  996.63;    0.54
26.02.2024 00:55:00;  101.00;  -50.00;   40.00;    1.70;   0.887;       0;    0.45;  996.62;    0.52
26.02.2024 00:56:00;  101.00;  -50.00;   40.00;    1.70;   0.888;       0;    0.52;  996.62;    0.64
26.02.2024 00:57:00;  101.00;  -50.00;   40.00;    1.68;   0.887;       0;    0.32;  996.61;    0.46
26.02.2024 00:58:00;   95.97;  -50.00;   40.00;    1.66;   0.887;       0;    0.30;  996.61;    0.45
26.02.2024 00:59:00;  101.00;  -50.00;   40.00;    1.64;   0.887;       0;    0.25;  996.60;    0.52
26.02.2024 01:00:00;  101.00;  -50.00;   40.00;    1.63;   0.887;       0;    0.41;  996.60;    0.47
26.02.2024 01:01:00;   95.79;  -50.00;   40.00;    1.61;   0.887;       0;    0.12;  996.60;    0.30
26.02.2024 01:02:00;  101.00;  -50.00;   40.00;    1.59;   0.887;       0;    0.44;  996.60;    0.54
26.02.2024 01:03:00;  101.00;  -50.00;   40.00;    1.57;   0.887;       0;    0.39;  996.60;    0.54
26.02.2024 01:04:00;  101.00;  -50.00;   40.00;    1.53;   0.886;       0;    0.34;  996.60;    0.39
26.02.2024 01:05:00;  101.00;  -50.00;   40.00;    1.51;   0.886;       0;    0.31;  996.60;    0.38
26.02.2024 01:06:00;   95.97;  -50.00;   40.00;    1.49;   0.887;       0;    0.38;  996.61;    0.46
26.02.2024 01:07:00;  101.00;  -50.00;   40.00;    1.48;   0.887;       0;    0.40;  996.61;    0.45
26.02.2024 01:08:00;  101.00;  -50.00;   40.00;    1.45;   0.887;       0;    0.42;  996.61;    0.46
26.02.2024 01:09:00;   90.93;  -50.00;   40.00;    1.43;   0.887;       0;    0.43;  996.62;    0.53
26.02.2024 01:10:00;  101.00;  -50.00;   40.00;    1.41;   0.886;       0;    0.39;  996.63;    0.55
26.02.2024 01:11:00;  101.00;  -50.00;   40.00;    1.38;   0.887;       0;    0.42;  996.63;    0.59
26.02.2024 01:12:00;  101.00;  -50.00;   40.00;    1.36;   0.887;       0;    0.44;  996.63;    0.58
26.02.2024 01:13:00;  101.00;  -50.00;   40.00;    1.34;   0.887;       0;    0.39;  996.64;    0.50
26.02.2024 01:14:00;  101.00;  -50.00;   40.00;    1.34;   0.888;       0;    0.48;  996.64;    0.72
26.02.2024 01:15:00;  101.00;  -50.00;   40.00;    1.34;   0.889;       0;    0.67;  996.65;    0.96
26.02.2024 01:16:00;   90.93;  -50.00;   40.00;    1.35;   0.890;       0;    0.66;  996.67;    0.79
26.02.2024 01:17:00;   95.97;  -50.00;   40.00;    1.36;   0.891;       0;    0.56;  996.68;    0.76
26.02.2024 01:18:00;  101.00;  -50.00;   40.00;    1.38;   0.892;       0;    0.51;  996.68;    0.76
26.02.2024 01:19:00;  101.00;  -50.00;   40.00;    1.40;   0.893;       0;    0.93;  996.70;    1.29
26.02.2024 01:20:00;  101.00;  -50.00;   40.00;    1.44;   0.894;       0;    1.02;  996.70;    1.42
26.02.2024 01:21:00;  101.00;  -50.00;   40.00;    1.46;   0.894;       0;    0.78;  996.71;    1.01
26.02.2024 01:22:00;  101.00;  -50.00;   40.00;    1.48;   0.894;       0;    0.84;  996.71;    1.21
26.02.2024 01:23:00;  101.00;  -50.00;   40.00;    1.50;   0.894;       0;    1.05;  996.72;    1.51
26.02.2024 01:24:00;   95.97;  -50.00;   40.00;    1.53;   0.895;       0;    1.32;  996.71;    1.70
26.02.2024 01:25:00;  101.00;  -50.00;   40.00;    1.57;   0.896;       0;    1.17;  996.72;    1.38
26.02.2024 01:26:00;  101.00;  -50.00;   40.00;    1.60;   0.895;       0;    0.79;  996.73;    1.38
26.02.2024 01:27:00;  101.00;  -50.00;   40.00;    1.62;   0.895;       0;    1.01;  996.72;    1.32
26.02.2024 01:28:00;  101.00;  -50.00;   40.00;    1.65;   0.896;       0;    0.69;  996.71;    0.96
26.02.2024 01:29:00;  101.00;  -50.00;   40.00;    1.68;   0.896;       0;    0.89;  996.70;    1.24
26.02.2024 01:30:00;  101.00;  -50.00;   40.00;    1.70;   0.895;       0;    0.79;  996.70;    1.07
26.02.2024 01:31:00;  101.00;  -50.00;   40.00;    1.73;   0.895;       0;    0.92;  996.70;    1.28
26.02.2024 01:32:00;   95.97;  -50.00;   40.00;    1.75;   0.895;       0;    0.51;  996.71;    0.82
26.02.2024 01:33:00;  101.00;  -50.00;   40.00;    1.78;   0.895;       0;    0.80;  996.71;    1.36
26.02.2024 01:34:00;  101.00;  -50.00;   40.00;    1.82;   0.896;       0;    1.12;  996.71;    1.47
26.02.2024 01:35:00;   95.97;  -50.00;   40.00;    1.86;   0.896;       0;    0.98;  996.70;    1.29
26.02.2024 01:36:00;   95.97;  -50.00;   40.00;    1.89;   0.896;       0;    0.77;  996.70;    1.20
26.02.2024 01:37:00;  101.00;  -50.00;   40.00;    1.92;   0.895;       0;    0.87;  996.68;    1.25
26.02.2024 01:38:00;  101.00;  -50.00;   40.00;    1.94;   0.895;       0;    1.12;  996.67;    1.74
26.02.2024 01:39:00;  101.00;  -50.00;   40.00;    1.97;   0.895;       0;    0.55;  996.67;    1.07
26.02.2024 01:40:00;   95.97;  -50.00;   40.00;    2.01;   0.896;       0;    1.34;  996.67;    2.29
26.02.2024 01:41:00;  101.00;  -50.00;   40.00;    2.05;   0.896;       0;    1.18;  996.67;    1.81
26.02.2024 01:42:00;   95.97;  -50.00;   40.00;    2.09;   0.896;       0;    1.30;  996.67;    1.68
26.02.2024 01:43:00;  101.00;  -50.00;   40.00;    2.12;   0.895;       0;    1.07;  996.67;    1.41
26.02.2024 01:44:00;  101.00;  -50.00;   40.00;    2.14;   0.894;       0;    0.76;  996.67;    1.42
26.02.2024 01:45:00;  101.00;  -50.00;   40.00;    2.16;   0.893;       0;    1.35;  996.68;    1.90
26.02.2024 01:46:00;  101.00;  -50.00;   40.00;    2.17;   0.892;       0;    1.09;  996.68;    1.25
26.02.2024 01:47:00;  101.00;  -50.00;   40.00;    2.19;   0.892;       0;    0.75;  996.67;    1.07
26.02.2024 01:48:00;  101.00;  -50.00;   40.00;    2.21;   0.891;       0;    1.26;  996.66;    2.13
26.02.2024 01:49:00;   95.97;  -50.00;   40.00;    2.22;   0.891;       0;    1.05;  996.66;    1.55
26.02.2024 01:50:00;  101.00;  -50.00;   40.00;    2.22;   0.889;       0;    1.06;  996.66;    1.60
26.02.2024 01:51:00;  101.00;  -50.00;   40.00;    2.23;   0.889;       0;    1.37;  996.67;    1.93
26.02.2024 01:52:00;   95.97;  -50.00;   40.00;    2.23;   0.888;       0;    1.32;  996.67;    1.55
26.02.2024 01:53:00;  101.00;  -50.00;   40.00;    2.23;   0.887;       0;    1.20;  996.69;    1.87
26.02.2024 01:54:00;  101.00;  -50.00;   40.00;    2.22;   0.887;       0;    1.15;  996.70;    1.89
26.02.2024 01:55:00;   85.90;  -50.00;   40.00;    2.22;   0.887;       0;    1.20;  996.71;    1.65
26.02.2024 01:56:00;  101.00;  -50.00;   40.00;    2.22;   0.886;       0;    0.63;  996.72;    0.80
26.02.2024 01:57:00;  101.00;  -50.00;   40.00;    2.23;   0.886;       0;    0.71;  996.73;    0.81
26.02.2024 01:58:00;  101.00;  -50.00;   40.00;    2.23;   0.885;       0;    1.25;  996.75;    1.74
26.02.2024 01:59:00;   95.97;  -50.00;   40.00;    2.23;   0.885;       0;    1.34;  996.76;    1.73
26.02.2024 02:00:00;   95.97;  -50.00;   40.00;    2.23;   0.885;       0;    0.70;  996.78;    1.26
26.02.2024 02:01:00;   95.79;  -50.00;   40.00;    2.23;   0.885;       0;    1.15;  996.79;    2.05
26.02.2024 02:02:00;  101.00;  -50.00;   40.00;    2.25;   0.885;       0;    0.62;  996.81;    1.01
26.02.2024 02:03:00;   95.97;  -50.00;   40.00;    2.25;   0.884;       0;    1.19;  996.81;    1.88
26.02.2024 02:04:00;  101.00;  -50.00;   40.00;    2.26;   0.884;       0;    1.11;  996.80;    1.30
26.02.2024 02:05:00;  101.00;  -50.00;   40.00;    2.26;   0.884;       0;    0.67;  996.80;    0.90
26.02.2024 02:06:00;  101.00;  -50.00;   40.00;    2.26;   0.883;       0;    0.98;  996.79;    1.55
26.02.2024 02:07:00;  101.00;  -50.00;   40.00;    2.26;   0.881;       0;    0.88;  996.79;    1.27
26.02.2024 02:08:00;   95.97;  -50.00;   40.00;    2.26;   0.881;       0;    1.13;  996.80;    1.27
26.02.2024 02:09:00;  101.00;  -50.00;   40.00;    2.26;   0.881;       0;    0.78;  996.78;    1.14
26.02.2024 02:10:00;  101.00;  -50.00;   40.00;    2.27;   0.881;       0;    0.73;  996.75;    0.99
26.02.2024 02:11:00;  101.00;  -50.00;   40.00;    2.28;   0.881;       0;    0.64;  996.73;    0.93
26.02.2024 02:12:00;  101.00;  -50.00;   40.00;    2.28;   0.880;       0;    1.02;  996.71;    1.40
26.02.2024 02:13:00;  101.00;  -50.00;   40.00;    2.26;   0.879;       0;    1.04;  996.71;    1.28
26.02.2024 02:14:00;   90.93;  -50.00;   40.00;    2.26;   0.878;       0;    1.06;  996.71;    1.41
26.02.2024 02:15:00;   95.97;  -50.00;   40.00;    2.26;   0.879;       0;    0.82;  996.73;    1.16
26.02.2024 02:16:00;  101.00;  -50.00;   40.00;    2.27;   0.879;       0;    0.78;  996.76;    1.01
26.02.2024 02:17:00;  101.00;  -50.00;   40.00;    2.28;   0.879;       0;    1.30;  996.79;    1.80
26.02.2024 02:18:00;  101.00;  -50.00;   40.00;    2.28;   0.878;       0;    1.07;  996.80;    1.38
26.02.2024 02:19:00;  101.00;  -50.00;   40.00;    2.28;   0.877;       0;    0.76;  996.82;    1.32
26.02.2024 02:20:00;  101.00;  -50.00;   40.00;    2.28;   0.877;       0;    0.73;  996.83;    0.88
26.02.2024 02:21:00;  101.00;  -50.00;   40.00;    2.27;   0.876;       0;    0.73;  996.84;    0.98
26.02.2024 02:22:00;  101.00;  -50.00;   40.00;    2.27;   0.876;       0;    1.19;  996.83;    1.85
26.02.2024 02:23:00;  101.00;  -50.00;   40.00;    2.27;   0.875;       0;    0.73;  996.82;    1.11
26.02.2024 02:24:00;   95.97;  -50.00;   40.00;    2.26;   0.875;       0;    0.69;  996.80;    0.99
26.02.2024 02:25:00;   95.97;  -50.00;   40.00;    2.26;   0.874;       0;    0.78;  996.79;    1.02
26.02.2024 02:26:00;   90.93;  -50.00;   40.00;    2.24;   0.874;       0;    0.57;  996.78;    0.76
26.02.2024 02:27:00;  101.00;  -50.00;   40.00;    2.23;   0.873;       0;    0.70;  996.76;    0.93
26.02.2024 02:28:00;  101.00;  -50.00;   40.00;    2.22;   0.872;       0;    0.62;  996.74;    0.82
26.02.2024 02:29:00;  101.00;  -50.00;   40.00;    2.20;   0.872;       0;    1.04;  996.75;    1.44
26.02.2024 02:30:00;  101.00;  -50.00;   40.00;    2.17;   0.871;       0;    0.78;  996.76;    1.44
26.02.2024 02:31:00;  101.00;  -50.00;   40.00;    2.16;   0.871;       0;    0.85;  996.76;    1.22
26.02.2024 02:32:00;  101.00;  -50.00;   40.00;    2.14;   0.871;       0;    0.51;  996.77;    0.80
26.02.2024 02:33:00;   90.93;  -50.00;   40.00;    2.13;   0.871;       0;    0.87;  996.76;    1.15
26.02.2024 02:34:00;   95.97;  -50.00;   40.00;    2.12;   0.871;       0;    0.98;  996.75;    1.15
26.02.2024 02:35:00;  101.00;  -50.00;   40.00;    2.11;   0.871;       0;    0.98;  996.73;    1.19
26.02.2024 02:36:00;  101.00;  -50.00;   40.00;    2.10;   0.871;       0;    0.94;  996.73;    1.08
26.02.2024 02:37:00;  101.00;  -50.00;   40.00;    2.08;   0.870;       0;    0.98;  996.72;    1.44
26.02.2024 02:38:00;  101.00;  -50.00;   40.00;    2.06;   0.870;       0;    1.52;  996.71;    2.16
26.02.2024 02:39:00;   95.97;  -50.00;   40.00;    2.05;   0.870;       0;    1.16;  996.71;    1.77
26.02.2024 02:40:00;  101.00;  -50.00;   40.00;    2.06;   0.872;       0;    1.07;  996.71;    1.42
26.02.2024 02:41:00;  101.00;  -50.00;   40.00;    2.08;   0.873;       0;    1.25;  996.70;    1.59
26.02.2024 02:42:00;  101.00;  -50.00;   40.00;    2.10;   0.873;       0;    1.01;  996.69;    1.54
26.02.2024 02:43:00;  101.00;  -50.00;   40.00;    2.11;   0.872;       0;    1.28;  996.70;    1.55
26.02.2024 02:44:00;  101.00;  -50.00;   40.00;    2.11;   0.872;       0;    0.91;  996.70;    1.30
26.02.2024 02:45:00;  101.00;  -50.00;   40.00;    2.11;   0.871;       0;    0.91;  996.70;    1.46
26.02.2024 02:46:00;   95.97;  -50.00;   40.00;    2.11;   0.871;       0;    0.93;  996.70;    1.38
26.02.2024 02:47:00;   95.97;  -50.00;   40.00;    2.10;   0.870;       0;    0.99;  996.69;    1.34
26.02.2024 02:48:00;  101.00;  -50.00;   40.00;    2.10;   0.870;       0;    1.03;  996.69;    1.84
26.02.2024 02:49:00;  101.00;  -50.00;   40.00;    2.09;   0.870;       0;    0.95;  996.69;    1.19
26.02.2024 02:50:00;  101.00;  -50.00;   40.00;    2.09;   0.870;       0;    0.98;  996.70;    1.36
26.02.2024 02:51:00;  101.00;  -50.00;   40.00;    2.11;   0.871;       0;    0.92;  996.70;    1.16
26.02.2024 02:52:00;  101.00;  -50.00;   40.00;    2.11;   0.870;       0;    0.90;  996.71;    1.97
26.02.2024 02:53:00;  101.00;  -50.00;   40.00;    2.11;   0.870;       0;    1.21;  996.72;    1.95
26.02.2024 02:54:00;  101.00;  -50.00;   40.00;    2.10;   0.869;       0;    0.66;  996.72;    0.99
26.02.2024 02:55:00;  101.00;  -50.00;   40.00;    2.09;   0.869;       0;    1.15;  996.73;    1.85
26.02.2024 02:56:00;  101.00;  -50.00;   40.00;    2.08;   0.868;       0;    1.21;  996.73;    1.69
26.02.2024 02:57:00;   90.93;  -50.00;   40.00;    2.06;   0.868;       0;    0.95;  996.74;    1.40
26.02.2024 02:58:00;  101.00;  -50.00;   40.00;    2.05;   0.868;       0;    0.83;  996.74;    1.18
26.02.2024 02:59:00;  101.00;  -50.00;   40.00;    2.05;   0.869;       0;    0.66;  996.75;    0.95
26.02.2024 03:00:00;   95.97;  -50.00;   40.00;    2.06;   0.870;       0;    0.72;  996.78;    1.15
26.02.2024 03:01:00;   90.93;  -50.00;   40.00;    2.06;   0.869;       0;    0.73;  996.80;    1.16
26.02.2024 03:02:00;  101.00;  -50.00;   40.00;    2.06;   0.869;       0;    0.42;  996.83;    0.50
26.02.2024 03:03:00;  101.00;  -50.00;   40.00;    2.05;   0.869;       0;    0.78;  996.85;    1.21
26.02.2024 03:04:00;  101.00;  -50.00;   40.00;    2.04;   0.868;       0;    0.90;  996.85;    1.18
26.02.2024 03:05:00;  101.00;  -50.00;   40.00;    2.03;   0.869;       0;    1.01;  996.84;    1.55
26.02.2024 03:06:00;  101.00;  -50.00;   40.00;    2.03;   0.868;       0;    1.13;  996.85;    1.40
26.02.2024 03:07:00;  101.00;  -50.00;   40.00;    2.03;   0.869;       0;    0.93;  996.87;    1.04
26.02.2024 03:08:00;  101.00;  -50.00;   40.00;    2.03;   0.869;       0;    0.58;  996.87;    1.13
26.02.2024 03:09:00;  101.00;  -50.00;   40.00;    2.04;   0.869;       0;    0.91;  996.87;    1.37
26.02.2024 03:10:00;  101.00;  -50.00;   40.00;    2.04;   0.869;       0;    1.03;  996.86;    1.43
26.02.2024 03:11:00;  101.00;  -50.00;   40.00;    2.03;   0.869;       0;    1.11;  996.85;    1.54
26.02.2024 03:12:00;  101.00;  -50.00;   40.00;    2.03;   0.869;       0;    0.90;  996.86;    1.23
26.02.2024 03:13:00;  101.00;  -50.00;   40.00;    2.03;   0.869;       0;    0.92;  996.87;    1.12
26.02.2024 03:14:00;  101.00;  -50.00;   40.00;    2.03;   0.869;       0;    0.65;  996.88;    1.03
26.02.2024 03:15:00;  101.00;  -50.00;   40.00;    2.03;   0.869;       0;    0.96;  996.88;    1.10
26.02.2024 03:16:00;  101.00;  -50.00;   40.00;    2.02;   0.868;       0;    0.53;  996.87;    0.77
26.02.2024 03:17:00;  101.00;  -50.00;   40.00;    2.00;   0.868;       0;    0.89;  996.88;    1.26
26.02.2024 03:18:00;  101.00;  -50.00;   40.00;    1.99;   0.867;       0;    0.80;  996.90;    1.28
26.02.2024 03:19:00;  101.00;  -50.00;   40.00;    1.98;   0.868;       0;    1.01;  996.92;    1.34
26.02.2024 03:20:00;  101.00;  -50.00;   40.00;    1.99;   0.869;       0;    0.78;  996.92;    1.08
26.02.2024 03:21:00;  101.00;  -50.00;   40.00;    1.99;   0.869;       0;    0.32;  996.93;    0.86
26.02.2024 03:22:00;  101.00;  -50.00;   40.00;    1.99;   0.869;       0;    0.82;  996.92;    1.32
26.02.2024 03:23:00;   95.97;  -50.00;   40.00;    1.99;   0.869;       0;    0.35;  996.92;    0.53
26.02.2024 03:24:00;  101.00;  -50.00;   40.00;    1.98;   0.868;       0;    0.40;  996.90;    0.60
26.02.2024 03:25:00;  101.00;  -50.00;   40.00;    1.98;   0.868;       0;    0.68;  996.89;    0.91
26.02.2024 03:26:00;  101.00;  -50.00;   40.00;    1.96;   0.868;       0;    0.49;  996.89;    0.75
26.02.2024 03:27:00;   95.97;  -50.00;   40.00;    1.95;   0.867;       0;    0.51;  996.90;    0.61
26.02.2024 03:28:00;  101.00;  -50.00;   40.00;    1.92;   0.866;       0;    0.54;  996.91;    0.64
26.02.2024 03:29:00;   80.87;  -50.00;   40.00;    1.90;   0.866;       0;    0.72;  996.90;    0.93
26.02.2024 03:30:00;  101.00;  -50.00;   40.00;    1.87;   0.865;       0;    0.58;  996.91;    0.79
26.02.2024 03:31:00;  101.00;  -50.00;   40.00;    1.85;   0.866;       0;    0.63;  996.93;    0.92
26.02.2024 03:32:00;  101.00;  -50.00;   40.00;    1.83;   0.866;       0;    0.84;  996.94;    1.16
26.02.2024 03:33:00;  101.00;  -50.00;   40.00;    1.80;   0.865;       0;    0.60;  996.95;    0.80
26.02.2024 03:34:00;  101.00;  -50.00;   40.00;    1.79;   0.866;       0;    0.71;  996.98;    1.13
26.02.2024 03:35:00;  101.00;  -50.00;   40.00;    1.76;   0.866;       0;    0.64;  996.99;    0.79
26.02.2024 03:36:00;  101.00;  -50.00;   40.00;    1.74;   0.865;       0;    0.52;  996.99;    0.58
26.02.2024 03:37:00;  101.00;  -50.00;   40.00;    1.71;   0.866;       0;    0.57;  997.00;    0.70
26.02.2024 03:38:00;  101.00;  -50.00;   40.00;    1.69;   0.866;       0;    0.51;  997.00;    0.66
26.02.2024 03:39:00;  101.00;  -50.00;   40.00;    1.68;   0.867;       0;    0.69;  997.00;    0.94
26.02.2024 03:40:00;  101.00;  -50.00;   40.00;    1.68;   0.868;       0;    0.81;  997.02;    0.96
26.02.2024 03:41:00;  101.00;  -50.00;   40.00;    1.67;   0.868;       0;    0.74;  997.01;    0.94
26.02.2024 03:42:00;  101.00;  -50.00;   40.00;    1.66;   0.868;       0;    0.74;  997.00;    0.91
26.02.2024 03:43:00;  101.00;  -50.00;   40.00;    1.65;   0.868;       0;    0.78;  996.99;    0.94
26.02.2024 03:44:00;  101.00;  -50.00;   40.00;    1.64;   0.868;       0;    0.78;  996.97;    0.90
26.02.2024 03:45:00;   95.97;  -50.00;   40.00;    1.62;   0.868;       0;    0.62;  996.97;    0.76
26.02.2024 03:46:00;  101.00;  -50.00;   40.00;    1.61;   0.868;       0;    0.79;  996.95;    1.00
26.02.2024 03:47:00;  101.00;  -50.00;   40.00;    1.59;   0.868;       0;    0.68;  996.95;    1.01
26.02.2024 03:48:00;  101.00;  -50.00;   40.00;    1.59;   0.869;       0;    0.74;  996.94;    1.01
26.02.2024 03:49:00;  101.00;  -50.00;   40.00;    1.58;   0.869;       0;    0.69;  996.94;    1.12
26.02.2024 03:50:00;  101.00;  -50.00;   40.00;    1.57;   0.869;       0;    0.89;  996.93;    1.14
26.02.2024 03:51:00;   80.87;  -50.00;   40.00;    1.56;   0.870;       0;    0.88;  996.92;    1.29
26.02.2024 03:52:00;  101.00;  -50.00;   40.00;    1.55;   0.870;       0;    0.89;  996.93;    1.29
26.02.2024 03:53:00;  101.00;  -50.00;   40.00;    1.56;   0.871;       0;    0.88;  996.93;    1.03
26.02.2024 03:54:00;  101.00;  -50.00;   40.00;    1.57;   0.872;       0;    0.79;  996.93;    1.05
26.02.2024 03:55:00;  101.00;  -50.00;   40.00;    1.57;   0.872;       0;    0.88;  996.93;    1.12
26.02.2024 03:56:00;   95.97;  -50.00;   40.00;    1.56;   0.872;       0;    0.69;  996.93;    1.17
26.02.2024 03:57:00;  101.00;  -50.00;   40.00;    1.57;   0.872;       0;    0.78;  996.94;    1.23
26.02.2024 03:58:00;  101.00;  -50.00;   40.00;    1.57;   0.872;       0;    0.78;  996.94;    1.14
26.02.2024 03:59:00;  101.00;  -50.00;   40.00;    1.57;   0.873;       0;    0.91;  996.94;    1.24
26.02.2024 04:00:00;  101.00;  -50.00;   40.00;    1.57;   0.873;       0;    1.00;  996.94;    1.28
26.02.2024 04:01:00;   90.93;  -50.00;   40.00;    1.57;   0.873;       0;    0.73;  996.94;    1.09
26.02.2024 04:02:00;   95.97;  -50.00;   40.00;    1.59;   0.874;       0;    0.92;  996.95;    1.15
26.02.2024 04:03:00;  101.00;  -50.00;   40.00;    1.61;   0.875;       0;    0.60;  996.97;    0.93
26.02.2024 04:04:00;  101.00;  -50.00;   40.00;    1.63;   0.876;       0;    1.01;  996.96;    1.36
26.02.2024 04:05:00;  101.00;  -50.00;   40.00;    1.66;   0.876;       0;    0.99;  996.97;    1.18
26.02.2024 04:06:00;  101.00;  -50.00;   40.00;    1.68;   0.877;       0;    1.12;  996.96;    1.54
26.02.2024 04:07:00;  101.00;  -50.00;   40.00;    1.71;   0.877;       0;    1.50;  996.98;    1.88
26.02.2024 04:08:00;  101.00;  -50.00;   40.00;    1.72;   0.876;       0;    1.22;  996.99;    1.44
26.02.2024 04:09:00;  101.00;  -50.00;   40.00;    1.73;   0.876;       0;    1.62;  997.00;    1.78
26.02.2024 04:10:00;  101.00;  -50.00;   40.00;    1.75;   0.876;       0;    1.16;  997.01;    1.67
26.02.2024 04:11:00;   95.97;  -50.00;   40.00;    1.77;   0.876;       0;    0.97;  997.02;    1.15
26.02.2024 04:12:00;   95.97;  -50.00;   40.00;    1.80;   0.877;       0;    1.14;  997.01;    1.32
26.02.2024 04:13:00;  101.00;  -50.00;   40.00;    1.82;   0.877;       0;    1.33;  997.01;    1.50
26.02.2024 04:14:00;  101.00;  -50.00;   40.00;    1.84;   0.877;       0;    0.85;  997.01;    1.27
26.02.2024 04:15:00;  101.00;  -50.00;   40.00;    1.85;   0.876;       0;    0.58;  997.02;    1.08
26.02.2024 04:16:00;  101.00;  -50.00;   40.00;    1.85;   0.875;       0;    1.00;  997.03;    1.33
26.02.2024 04:17:00;  101.00;  -50.00;   40.00;    1.85;   0.874;       0;    0.83;  997.03;    1.11
26.02.2024 04:18:00;  101.00;  -50.00;   40.00;    1.84;   0.873;       0;    1.03;  997.03;    1.60
26.02.2024 04:19:00;  101.00;  -50.00;   40.00;    1.83;   0.872;       0;    0.74;  997.04;    1.07
26.02.2024 04:20:00;   95.97;  -50.00;   40.00;    1.81;   0.872;       0;    0.76;  997.04;    1.38
26.02.2024 04:21:00;  101.00;  -50.00;   40.00;    1.80;   0.872;       0;    0.78;  997.05;    1.19
26.02.2024 04:22:00;  101.00;  -50.00;   40.00;    1.79;   0.872;       0;    0.81;  997.06;    1.04
26.02.2024 04:23:00;   95.97;  -50.00;   40.00;    1.79;   0.872;       0;    0.57;  997.08;    1.04
26.02.2024 04:24:00;  101.00;  -50.00;   40.00;    1.79;   0.872;       0;    0.57;  997.09;    0.95
26.02.2024 04:25:00;  101.00;  -50.00;   40.00;    1.78;   0.872;       0;    0.52;  997.12;    0.68
26.02.2024 04:26:00;  101.00;  -50.00;   40.00;    1.77;   0.872;       0;    0.58;  997.13;    0.81
26.02.2024 04:27:00;   95.97;  -50.00;   40.00;    1.77;   0.872;       0;    0.76;  997.15;    0.99
26.02.2024 04:28:00;  101.00;  -50.00;   40.00;    1.76;   0.872;       0;    0.85;  997.16;    1.07
26.02.2024 04:29:00;  101.00;  -50.00;   40.00;    1.75;   0.872;       0;    0.81;  997.16;    1.07
26.02.2024 04:30:00;  101.00;  -50.00;   40.00;    1.74;   0.872;       0;    0.85;  997.18;    1.24
26.02.2024 04:31:00;  101.00;  -50.00;   40.00;    1.73;   0.872;       0;    0.84;  997.19;    1.30
26.02.2024 04:32:00;  101.00;  -50.00;   40.00;    1.73;   0.872;       0;    1.16;  997.19;    1.75
26.02.2024 04:33:00;  101.00;  -50.00;   40.00;    1.74;   0.873;       0;    0.93;  997.20;    1.32
26.02.2024 04:34:00;  101.00;  -50.00;   40.00;    1.74;   0.873;       0;    1.10;  997.20;    1.79
26.02.2024 04:35:00;   95.97;  -50.00;   40.00;    1.75;   0.873;       0;    1.34;  997.21;    1.59
26.02.2024 04:36:00;  101.00;  -50.00;   40.00;    1.76;   0.874;       0;    1.26;  997.23;    1.81
26.02.2024 04:37:00;  101.00;  -50.00;   40.00;    1.78;   0.875;       0;    0.82;  997.25;    1.09
26.02.2024 04:38:00;   95.97;  -50.00;   40.00;    1.80;   0.875;       0;    0.64;  997.27;    1.19
26.02.2024 04:39:00;  101.00;  -50.00;   40.00;    1.82;   0.875;       0;    1.25;  997.29;    1.69
26.02.2024 04:40:00;  101.00;  -50.00;   40.00;    1.83;   0.875;       0;    0.91;  997.30;    1.24
26.02.2024 04:41:00;  101.00;  -50.00;   40.00;    1.86;   0.875;       0;    0.94;  997.30;    1.29
26.02.2024 04:42:00;   90.93;  -50.00;   40.00;    1.88;   0.875;       0;    0.59;  997.29;    0.77
26.02.2024 04:43:00;  101.00;  -50.00;   40.00;    1.89;   0.875;       0;    0.63;  997.29;    0.93
26.02.2024 04:44:00;  101.00;  -50.00;   40.00;    1.90;   0.874;       0;    0.71;  997.30;    0.98
26.02.2024 04:45:00;  101.00;  -50.00;   40.00;    1.92;   0.874;       0;    0.80;  997.31;    1.13
26.02.2024 04:46:00;  101.00;  -50.00;   40.00;    1.92;   0.873;       0;    1.16;  997.33;    1.81
26.02.2024 04:47:00;  101.00;  -50.00;   40.00;    1.94;   0.874;       0;    1.00;  997.35;    1.25
26.02.2024 04:48:00;  101.00;  -50.00;   40.00;    1.96;   0.874;       0;    1.49;  997.36;    1.83
26.02.2024 04:49:00;  101.00;  -50.00;   40.00;    1.97;   0.874;       0;    1.21;  997.38;    1.59
26.02.2024 04:50:00;  101.00;  -50.00;   40.00;    1.99;   0.873;       0;    1.05;  997.39;    1.37
26.02.2024 04:51:00;  101.00;  -50.00;   40.00;    2.01;   0.873;       0;    1.11;  997.40;    1.39
26.02.2024 04:52:00;  101.00;  -50.00;   40.00;    2.02;   0.873;       0;    0.90;  997.41;    1.78
26.02.2024 04:53:00;   95.97;  -50.00;   40.00;    2.03;   0.872;       0;    1.72;  997.41;    2.21
26.02.2024 04:54:00;  101.00;  -50.00;   40.00;    2.04;   0.872;       0;    1.08;  997.41;    1.61
26.02.2024 04:55:00;   95.97;  -50.00;   40.00;    2.05;   0.872;       0;    0.95;  997.42;    1.56
26.02.2024 04:56:00;  101.00;  -50.00;   40.00;    2.07;   0.872;       0;    1.24;  997.41;    1.93
26.02.2024 04:57:00;  101.00;  -50.00;   40.00;    2.08;   0.871;       0;    0.59;  997.42;    0.85
26.02.2024 04:58:00;  101.00;  -50.00;   40.00;    2.09;   0.871;       0;    0.66;  997.43;    1.39
26.02.2024 04:59:00;  101.00;  -50.00;   40.00;    2.09;   0.870;       0;    1.18;  997.44;    1.62
26.02.2024 05:00:00;  101.00;  -50.00;   40.00;    2.09;   0.870;       0;    0.50;  997.44;    1.01
26.02.2024 05:01:00;  101.00;  -50.00;   40.00;    2.09;   0.869;       0;    1.08;  997.45;    1.43
26.02.2024 05:02:00;  101.00;  -50.00;   40.00;    2.09;   0.869;       0;    1.04;  997.46;    1.31
26.02.2024 05:03:00;  101.00;  -50.00;   40.00;    2.10;   0.869;       0;    1.10;  997.48;    1.52
26.02.2024 05:04:00;  101.00;  -50.00;   40.00;    2.10;   0.868;       0;    0.83;  997.50;    1.20
26.02.2024 05:05:00;  101.00;  -50.00;   40.00;    2.10;   0.868;       0;    0.49;  997.52;    0.70
26.02.2024 05:06:00;   90.93;  -50.00;   40.00;    2.11;   0.868;       0;    0.67;  997.54;    1.04
26.02.2024 05:07:00;  101.00;  -50.00;   40.00;    2.11;   0.868;       0;    1.04;  997.56;    1.39
26.02.2024 05:08:00;  101.00;  -50.00;   40.00;    2.12;   0.868;       0;    0.89;  997.59;    1.07
26.02.2024 05:09:00;  101.00;  -50.00;   40.00;    2.12;   0.867;       0;    0.79;  997.59;    1.07
26.02.2024 05:10:00;   95.97;  -50.00;   40.00;    2.12;   0.867;       0;    0.60;  997.60;    0.70
26.02.2024 05:11:00;  101.00;  -50.00;   40.00;    2.12;   0.867;       0;    0.97;  997.61;    1.57
26.02.2024 05:12:00;  101.00;  -50.00;   40.00;    2.12;   0.867;       0;    0.84;  997.62;    1.27
26.02.2024 05:13:00;  101.00;  -50.00;   40.00;    2.13;   0.867;       0;    1.22;  997.64;    1.94
26.02.2024 05:14:00;  101.00;  -50.00;   40.00;    2.13;   0.867;       0;    1.20;  997.65;    1.94
26.02.2024 05:15:00;  101.00;  -50.00;   40.00;    2.14;   0.866;       0;    0.94;  997.66;    1.31
26.02.2024 05:16:00;  101.00;  -50.00;   40.00;    2.14;   0.866;       0;    1.40;  997.67;    1.60
26.02.2024 05:17:00;   95.97;  -50.00;   40.00;    2.15;   0.866;       0;    1.58;  997.67;    2.20
26.02.2024 05:18:00;  101.00;  -50.00;   40.00;    2.16;   0.866;       0;    1.54;  997.66;    2.07
26.02.2024 05:19:00;  101.00;  -50.00;   40.00;    2.17;   0.866;       0;    1.35;  997.65;    1.58
26.02.2024 05:20:00;  101.00;  -50.00;   40.00;    2.18;   0.866;       0;    1.15;  997.64;    1.68
26.02.2024 05:21:00;  101.00;  -50.00;   40.00;    2.19;   0.866;       0;    1.03;  997.64;    1.35
26.02.2024 05:22:00;  101.00;  -50.00;   40.00;    2.20;   0.865;       0;    1.21;  997.64;    2.01
26.02.2024 05:23:00;  101.00;  -50.00;   40.00;    2.20;   0.865;       0;    0.85;  997.64;    2.01
26.02.2024 05:24:00;  101.00;  -50.00;   40.00;    2.21;   0.864;       0;    1.49;  997.64;    2.00
26.02.2024 05:25:00;  101.00;  -50.00;   40.00;    2.22;   0.864;       0;    1.67;  997.63;    2.23
26.02.2024 05:26:00;  101.00;  -50.00;   40.00;    2.23;   0.864;       0;    1.58;  997.63;    2.18
26.02.2024 05:27:00;  101.00;  -50.00;   40.00;    2.24;   0.864;       0;    1.24;  997.63;    1.51
26.02.2024 05:28:00;  101.00;  -50.00;   40.00;    2.24;   0.863;       0;    1.57;  997.64;    2.16
26.02.2024 05:29:00;  101.00;  -50.00;   40.00;    2.25;   0.862;       0;    1.31;  997.65;    1.83
26.02.2024 05:30:00;   95.97;  -50.00;   40.00;    2.25;   0.862;       0;    1.23;  997.66;    1.82
26.02.2024 05:31:00;  101.00;  -50.00;   40.00;    2.25;   0.861;       0;    1.39;  997.66;    1.98
26.02.2024 05:32:00;  101.00;  -50.00;   40.00;    2.26;   0.861;       0;    1.43;  997.65;    1.88
26.02.2024 05:33:00;   95.97;  -50.00;   40.00;    2.26;   0.861;       0;    1.28;  997.66;    1.60
26.02.2024 05:34:00;  101.00;  -50.00;   40.00;    2.26;   0.860;       0;    0.95;  997.67;    1.60
26.02.2024 05:35:00;  101.00;  -50.00;   40.00;    2.26;   0.860;       0;    1.48;  997.69;    2.10
26.02.2024 05:36:00;  101.00;  -50.00;   40.00;    2.26;   0.859;       0;    1.38;  997.68;    1.88
26.02.2024 05:37:00;  101.00;  -50.00;   40.00;    2.26;   0.859;       0;    1.49;  997.67;    1.96
26.02.2024 05:38:00;  101.00;  -50.00;   40.00;    2.26;   0.859;       0;    1.06;  997.66;    1.48
26.02.2024 05:39:00;  101.00;  -50.00;   40.00;    2.26;   0.859;       0;    0.72;  997.66;    0.92
26.02.2024 05:40:00;  101.00;  -50.00;   40.00;    2.26;   0.859;       0;    0.74;  997.66;    0.96
26.02.2024 05:41:00;  101.00;  -50.00;   40.00;    2.26;   0.858;       0;    1.07;  997.67;    1.55
26.02.2024 05:42:00;  101.00;  -50.00;   40.00;    2.27;   0.858;       0;    1.21;  997.68;    1.56
26.02.2024 05:43:00;   95.97;  -50.00;   40.00;    2.26;   0.858;       0;    1.04;  997.69;    1.71
26.02.2024 05:44:00;  101.00;  -50.00;   40.00;    2.26;   0.857;       0;    1.04;  997.70;    1.28
26.02.2024 05:45:00;  101.00;  -50.00;   40.00;    2.27;   0.858;       0;    1.00;  997.70;    1.43
26.02.2024 05:46:00;  101.00;  -50.00;   40.00;    2.26;   0.857;       0;    1.32;  997.69;    1.86
26.02.2024 05:47:00;   85.90;  -50.00;   40.00;    2.27;   0.858;       0;    1.62;  997.69;    2.34
26.02.2024 05:48:00;  101.00;  -50.00;   40.00;    2.28;   0.858;       0;    1.40;  997.68;    1.83
26.02.2024 05:49:00;  101.00;  -50.00;   40.00;    2.29;   0.858;       0;    1.13;  997.69;    1.99
26.02.2024 05:50:00;  101.00;  -50.00;   40.00;    2.28;   0.857;       0;    1.84;  997.70;    2.22
26.02.2024 05:51:00;   95.97;  -50.00;   40.00;    2.28;   0.857;       0;    1.24;  997.71;    1.83
26.02.2024 05:52:00;  101.00;  -50.00;   40.00;    2.28;   0.856;       0;    1.43;  997.72;    2.05
26.02.2024 05:53:00;  101.00;  -50.00;   40.00;    2.28;   0.856;       0;    1.09;  997.73;    1.74
26.02.2024 05:54:00;  101.00;  -50.00;   40.00;    2.28;   0.856;       0;    1.09;  997.72;    1.38
26.02.2024 05:55:00;   95.97;  -50.00;   40.00;    2.28;   0.856;       0;    0.94;  997.73;    1.55
26.02.2024 05:56:00;   95.97;  -50.00;   40.00;    2.28;   0.857;       0;    1.15;  997.74;    1.55
26.02.2024 05:57:00;  101.00;  -50.00;   40.00;    2.29;   0.856;       0;    0.59;  997.76;    0.86
26.02.2024 05:58:00;  101.00;  -50.00;   40.00;    2.29;   0.857;       0;    0.73;  997.78;    1.03
26.02.2024 05:59:00;   95.97;  -50.00;   40.00;    2.29;   0.856;       0;    1.02;  997.79;    1.23
26.02.2024 06:00:00;   95.97;  -50.00;   40.00;    2.29;   0.856;       0;    0.82;  997.81;    1.12
26.02.2024 06:01:00;  101.00;  -50.00;   40.00;    2.29;   0.856;       0;    1.05;  997.83;    1.39
26.02.2024 06:02:00;  101.00;  -50.00;   40.00;    2.29;   0.856;       0;    0.90;  997.86;    1.17
26.02.2024 06:03:00;  101.00;  -50.00;   40.00;    2.30;   0.857;       0;    0.79;  997.89;    1.06
26.02.2024 06:04:00;  101.00;  -50.00;   40.00;    2.31;   0.857;       0;    0.53;  997.89;    0.81
26.02.2024 06:05:00;  101.00;  -50.00;   40.00;    2.31;   0.857;       0;    0.57;  997.91;    0.80
26.02.2024 06:06:00;  101.00;  -50.00;   40.00;    2.32;   0.857;       0;    0.72;  997.92;    0.99
26.02.2024 06:07:00;  101.00;  -50.00;   40.00;    2.33;   0.857;       0;    0.45;  997.93;    0.99
26.02.2024 06:08:00;   85.90;  -50.00;   40.00;    2.34;   0.857;       0;    0.67;  997.93;    1.09
26.02.2024 06:09:00;   95.97;  -50.00;   40.00;    2.34;   0.857;       0;    0.82;  997.92;    1.36
26.02.2024 06:10:00;  101.00;  -50.00;   40.00;    2.35;   0.857;       0;    0.80;  997.91;    0.96
26.02.2024 06:11:00;  101.00;  -50.00;   40.00;    2.35;   0.856;       0;    1.39;  997.90;    1.83
26.02.2024 06:12:00;   95.97;  -50.00;   40.00;    2.34;   0.856;       0;    1.37;  997.88;    1.68
26.02.2024 06:13:00;  101.00;  -50.00;   40.00;    2.34;   0.856;       0;    1.43;  997.87;    2.09
26.02.2024 06:14:00;   90.93;  -50.00;   40.00;    2.34;   0.856;       0;    1.02;  997.87;    1.49
26.02.2024 06:15:00;  101.00;  -50.00;   40.00;    2.34;   0.856;       0;    0.89;  997.86;    1.38
26.02.2024 06:16:00;  101.00;  -50.00;   40.00;    2.35;   0.856;       0;    1.30;  997.87;    2.03
26.02.2024 06:17:00;  101.00;  -50.00;   40.00;    2.36;   0.856;       0;    1.21;  997.87;    2.03
26.02.2024 06:18:00;  101.00;  -50.00;   40.00;    2.36;   0.856;       0;    1.09;  997.88;    1.47
26.02.2024 06:19:00;  101.00;  -50.00;   40.00;    2.37;   0.856;       0;    1.41;  997.90;    1.96
26.02.2024 06:20:00;  101.00;  -50.00;   40.00;    2.38;   0.857;       0;    0.87;  997.92;    1.55
26.02.2024 06:21:00;  101.00;  -50.00;   40.00;    2.39;   0.857;       0;    0.64;  997.95;    1.09
26.02.2024 06:22:00;  101.00;  -50.00;   40.00;    2.40;   0.857;       0;    0.99;  997.98;    1.37
26.02.2024 06:23:00;  101.00;  -50.00;   40.00;    2.41;   0.856;       0;    0.85;  998.00;    2.03
26.02.2024 06:24:00;  101.00;  -50.00;   40.00;    2.42;   0.857;       0;    1.30;  998.01;    2.03
26.02.2024 06:25:00;   95.97;  -50.00;   40.00;    2.44;   0.857;       0;    0.72;  998.02;    1.16
26.02.2024 06:26:00;  101.00;  -50.00;   40.00;    2.46;   0.857;       0;    0.77;  998.03;    1.38
26.02.2024 06:27:00;  101.00;  -50.00;   40.00;    2.48;   0.857;       0;    1.50;  998.04;    2.09
26.02.2024 06:28:00;  101.00;  -50.00;   40.00;    2.49;   0.856;       0;    1.38;  998.03;    2.10
26.02.2024 06:29:00;  101.00;  -50.00;   40.00;    2.51;   0.856;       0;    1.12;  998.04;    1.41
26.02.2024 06:30:00;  101.00;  -50.00;   40.00;    2.52;   0.856;       0;    1.17;  998.06;    1.73
26.02.2024 06:31:00;  101.00;  -50.00;   40.00;    2.54;   0.855;       0;    1.31;  998.08;    1.79
26.02.2024 06:32:00;  101.00;  -50.00;   40.00;    2.55;   0.855;       0;    1.14;  998.09;    1.52
26.02.2024 06:33:00;  101.00;  -50.00;   40.00;    2.57;   0.855;       0;    1.10;  998.11;    1.35
26.02.2024 06:34:00;  101.00;  -50.00;   40.00;    2.58;   0.854;       0;    1.08;  998.13;    1.65
26.02.2024 06:35:00;  101.00;  -50.00;   40.00;    2.59;   0.854;       0;    0.96;  998.14;    1.64
26.02.2024 06:36:00;  101.00;  -50.00;   40.00;    2.61;   0.853;       0;    1.38;  998.14;    1.97
26.02.2024 06:37:00;  101.00;  -50.00;   40.00;    2.62;   0.853;       0;    1.42;  998.15;    1.62
26.02.2024 06:38:00;  101.00;  -50.00;   40.00;    2.63;   0.853;       0;    1.64;  998.16;    2.24
26.02.2024 06:39:00;  101.00;  -50.00;   40.00;    2.64;   0.852;       0;    1.17;  998.16;    1.67
26.02.2024 06:40:00;  101.00;  -50.00;   40.00;    2.65;   0.852;       0;    0.78;  998.18;    1.16
26.02.2024 06:41:00;  101.00;  -50.00;   40.00;    2.66;   0.851;       0;    0.65;  998.19;    1.12
26.02.2024 06:42:00;  101.00;  -50.00;   40.00;    2.67;   0.851;       0;    1.18;  998.21;    1.57
26.02.2024 06:43:00;  101.00;  -50.00;   40.00;    2.68;   0.850;       0;    1.27;  998.22;    1.83
26.02.2024 06:44:00;  101.00;  -50.00;   40.00;    2.68;   0.850;       0;    1.19;  998.24;    2.08
26.02.2024 06:45:00;  101.00;  -50.00;   40.00;    2.69;   0.850;       0;    0.81;  998.26;    1.00
26.02.2024 06:46:00;   95.97;  -50.00;   40.00;    2.70;   0.850;       0;    0.47;  998.28;    0.96
26.02.2024 06:47:00;  101.00;  -50.00;   40.00;    2.71;   0.850;       0;    1.26;  998.31;    1.97
26.02.2024 06:48:00;  101.00;  -50.00;   40.00;    2.72;   0.849;       0;    1.26;  998.33;    1.62
26.02.2024 06:49:00;   95.97;  -50.00;   40.00;    2.72;   0.849;       0;    1.04;  998.34;    1.75
26.02.2024 06:50:00;   90.93;  -50.00;   40.00;    2.73;   0.849;       0;    1.33;  998.36;    1.76
26.02.2024 06:51:00;  101.00;  -50.00;   40.00;    2.75;   0.849;       0;    1.38;  998.38;    2.11
26.02.2024 06:52:00;   95.97;  -50.00;   40.00;    2.75;   0.848;       0;    0.71;  998.40;    1.09
26.02.2024 06:53:00;  101.00;  -50.00;   40.00;    2.76;   0.848;       0;    0.65;  998.41;    1.15
26.02.2024 06:54:00;  101.00;  -50.00;   40.00;    2.77;   0.848;       0;    0.70;  998.44;    1.47
26.02.2024 06:55:00;   85.90;  -50.00;   40.00;    2.78;   0.847;       0;    1.27;  998.48;    1.56
26.02.2024 06:56:00;  101.00;  -50.00;   40.00;    2.80;   0.847;       0;    1.39;  998.51;    1.72
26.02.2024 06:57:00;   95.97;  -50.00;   40.00;    2.81;   0.847;       0;    1.10;  998.53;    1.55
26.02.2024 06:58:00;  101.00;  -50.00;   40.00;    2.81;   0.846;       0;    0.58;  998.56;    0.89
26.02.2024 06:59:00;  101.00;  -50.00;   40.00;    2.82;   0.845;       0;    0.77;  998.58;    1.26
26.02.2024 07:00:00;  101.00;  -50.00;   40.00;    2.83;   0.845;       0;    1.24;  998.59;    1.80
26.02.2024 07:01:00;  101.00;  -50.00;   40.00;    2.84;   0.846;       0;    1.10;  998.59;    1.80
26.02.2024 07:02:00;  101.00;  -50.00;   40.00;    2.86;   0.845;       0;    0.91;  998.61;    1.55
26.02.2024 07:03:00;  101.00;  -50.00;   40.00;    2.88;   0.845;       0;    1.06;  998.63;    1.36
26.02.2024 07:04:00;  101.00;  -50.00;   40.00;    2.90;   0.845;       0;    1.13;  998.63;    1.86
26.02.2024 07:05:00;  101.00;  -50.00;   40.00;    2.92;   0.845;       0;    0.53;  998.66;    0.95
26.02.2024 07:06:00;  101.00;  -50.00;   40.00;    2.94;   0.845;       0;    0.64;  998.68;    0.89
26.02.2024 07:07:00;  101.00;  -50.00;   40.00;    2.96;   0.844;       0;    0.99;  998.71;    1.22
26.02.2024 07:08:00;  101.00;  -50.00;   40.00;    2.98;   0.843;       0;    1.25;  998.73;    1.75
26.02.2024 07:09:00;  101.00;  -50.00;   40.00;    3.00;   0.843;       0;    1.41;  998.75;    1.76
26.02.2024 07:10:00;  101.00;  -50.00;   40.00;    3.02;   0.843;       0;    0.44;  998.76;    0.88
26.02.2024 07:11:00;  101.00;  -50.00;   40.00;    3.04;   0.842;       0;    1.06;  998.77;    1.26
26.02.2024 07:12:00;  101.00;  -50.00;   40.00;    3.06;   0.842;       0;    0.74;  998.78;    1.22
26.02.2024 07:13:00;  101.00;  -50.00;   40.00;    3.07;   0.841;       0;    0.86;  998.77;    1.42
26.02.2024 07:14:00;   90.93;  -50.00;   40.00;    3.09;   0.841;       0;    0.99;  998.77;    1.24
26.02.2024 07:15:00;   95.97;  -50.00;   40.00;    3.11;   0.840;       0;    1.07;  998.78;    1.45
26.02.2024 07:16:00;  101.00;  -50.00;   40.00;    3.12;   0.839;       0;    0.97;  998.77;    1.54
26.02.2024 07:17:00;  101.00;  -50.00;   40.00;    3.13;   0.838;       0;    0.32;  998.79;    0.63
26.02.2024 07:18:00;  101.00;  -50.00;   40.00;    3.14;   0.837;       0;    0.53;  998.79;    0.77
26.02.2024 07:19:00;  101.00;  -50.00;   40.00;    3.14;   0.836;       0;    0.64;  998.81;    0.79
26.02.2024 07:20:00;  101.00;  -50.00;   40.00;    3.14;   0.836;       0;    0.36;  998.82;    0.59
26.02.2024 07:21:00;   95.97;  -50.00;   40.00;    3.15;   0.836;       0;    0.66;  998.82;    0.78
26.02.2024 07:22:00;   95.97;  -50.00;   40.00;    3.15;   0.835;       0;    0.81;  998.82;    1.08
26.02.2024 07:23:00;  101.00;  -50.00;   40.00;    3.15;   0.836;       0;    1.25;  998.83;    1.94
26.02.2024 07:24:00;  101.00;  -50.00;   40.00;    3.16;   0.835;       0;    2.00;  998.85;    2.53
26.02.2024 07:25:00;   90.93;  -50.00;   40.00;    3.17;   0.835;       0;    1.22;  998.85;    1.43
26.02.2024 07:26:00;  101.00;  -50.00;   40.00;    3.18;   0.835;       0;    1.17;  998.86;    1.35
26.02.2024 07:27:00;  101.00;  -50.00;   40.00;    3.19;   0.835;       0;    1.42;  998.87;    2.06
26.02.2024 07:28:00;   90.93;  -50.00;   40.00;    3.20;   0.834;       0;    1.66;  998.87;    2.55
26.02.2024 07:29:00;   95.97;  -50.00;   40.00;    3.21;   0.834;       0;    1.14;  998.87;    1.56
26.02.2024 07:30:00;  101.00;  -50.00;   40.00;    3.22;   0.833;       0;    1.42;  998.86;    1.93
26.02.2024 07:31:00;  101.00;  -50.00;   40.00;    3.23;   0.833;       0;    1.05;  998.86;    1.36
26.02.2024 07:32:00;   85.90;  -50.00;   40.00;    3.25;   0.832;       0;    1.06;  998.84;    1.32
26.02.2024 07:33:00;  101.00;  -50.00;   40.00;    3.27;   0.832;       0;    0.82;  998.84;    0.98
26.02.2024 07:34:00;  101.00;  -50.00;   40.00;    3.29;   0.832;       0;    1.33;  998.83;    1.90
26.02.2024 07:35:00;  101.00;  -50.00;   40.00;    3.31;   0.831;       0;    0.81;  998.83;    1.27
26.02.2024 07:36:00;  101.00;  -50.00;   40.00;    3.33;   0.831;       0;    1.53;  998.83;    1.87
26.02.2024 07:37:00;  101.00;  -50.00;   40.00;    3.35;   0.830;       0;    1.06;  998.83;    1.60
26.02.2024 07:38:00;  101.00;  -50.00;   40.00;    3.36;   0.830;       0;    1.33;  998.83;    2.22
26.02.2024 07:39:00;  101.00;  -50.00;   40.00;    3.38;   0.829;       0;    1.45;  998.84;    2.22
26.02.2024 07:40:00;  101.00;  -50.00;   40.00;    3.39;   0.828;       0;    1.31;  998.85;    1.57
26.02.2024 07:41:00;   95.97;  -50.00;   40.00;    3.40;   0.827;       0;    1.77;  998.86;    2.37
26.02.2024 07:42:00;  101.00;  -50.00;   40.00;    3.42;   0.827;       0;    1.13;  998.87;    1.48
26.02.2024 07:43:00;  101.00;  -50.00;   40.00;    3.43;   0.826;       0;    0.52;  998.85;    0.74
26.02.2024 07:44:00;   95.97;  -50.00;   40.00;    3.45;   0.826;       0;    1.17;  998.87;    1.87
26.02.2024 07:45:00;  101.00;  -50.00;   40.00;    3.47;   0.826;       0;    0.64;  998.86;    1.37
26.02.2024 07:46:00;   95.97;  -50.00;   40.00;    3.50;   0.826;       0;    0.88;  998.87;    1.93
26.02.2024 07:47:00;  101.00;  -50.00;   40.00;    3.52;   0.826;       0;    0.92;  998.87;    1.52
26.02.2024 07:48:00;  101.00;  -50.00;   40.00;    3.53;   0.825;       0;    0.75;  998.86;    1.43
26.02.2024 07:49:00;  101.00;  -50.00;   40.00;    3.54;   0.824;       0;    1.15;  998.84;    1.56
26.02.2024 07:50:00;   95.97;  -50.00;   40.00;    3.56;   0.824;       0;    0.79;  998.84;    1.02
26.02.2024 07:51:00;  101.00;  -50.00;   40.00;    3.57;   0.823;       0;    0.61;  998.83;    0.86
26.02.2024 07:52:00;  101.00;  -50.00;   40.00;    3.58;   0.822;       0;    0.95;  998.83;    1.39
26.02.2024 07:53:00;  101.00;  -50.00;   40.00;    3.59;   0.822;       0;    0.96;  998.82;    1.55
26.02.2024 07:54:00;  101.00;  -50.00;   40.00;    3.60;   0.822;       0;    0.51;  998.84;    0.91
26.02.2024 07:55:00;   95.97;  -50.00;   40.00;    3.62;   0.821;       0;    0.72;  998.85;    0.98
26.02.2024 07:56:00;  101.00;  -50.00;   40.00;    3.62;   0.821;       0;    0.87;  998.86;    1.12
26.02.2024 07:57:00;   95.97;  -50.00;   40.00;    3.64;   0.821;       0;    1.03;  998.87;    1.52
26.02.2024 07:58:00;  101.00;  -50.00;   40.00;    3.66;   0.820;       0;    0.52;  998.88;    0.78
26.02.2024 07:59:00;  101.00;  -50.00;   40.00;    3.67;   0.820;       0;    0.22;  998.87;    0.45
26.02.2024 08:00:00;  101.00;  -50.00;   40.00;    3.69;   0.820;       0;    0.35;  998.89;    0.59
26.02.2024 08:01:00;   90.93;  -50.00;   40.00;    3.71;   0.820;       0;    0.63;  998.92;    1.42
26.02.2024 08:02:00;  101.00;  -50.00;   40.00;    3.71;   0.818;       0;    1.86;  998.94;    2.51
26.02.2024 08:03:00;  101.00;  -50.00;   40.00;    3.71;   0.817;       0;    1.38;  998.95;    1.77
26.02.2024 08:04:00;  101.00;  -50.00;   40.00;    3.71;   0.817;       0;    1.34;  998.96;    1.88
26.02.2024 08:05:00;  101.00;  -50.00;   40.00;    3.73;   0.817;       0;    1.27;  998.97;    1.59
26.02.2024 08:06:00;  101.00;  -50.00;   40.00;    3.74;   0.817;       0;    0.80;  998.97;    1.20
26.02.2024 08:07:00;  101.00;  -50.00;   40.00;    3.75;   0.817;       0;    1.07;  998.98;    1.61
26.02.2024 08:08:00;   90.93;  -50.00;   40.00;    3.77;   0.817;       0;    0.75;  998.95;    1.55
26.02.2024 08:09:00;  101.00;  -50.00;   40.00;    3.79;   0.816;       0;    0.40;  998.94;    0.61
26.02.2024 08:10:00;  101.00;  -50.00;   40.00;    3.81;   0.816;       0;    0.79;  998.96;    1.60
26.02.2024 08:11:00;   95.97;  -50.00;   40.00;    3.83;   0.816;       0;    0.85;  998.96;    1.27
26.02.2024 08:12:00;  101.00;  -50.00;   40.00;    3.85;   0.815;       0;    0.58;  998.95;    1.12
26.02.2024 08:13:00;  101.00;  -50.00;   40.00;    3.87;   0.814;       0;    1.59;  998.95;    2.02
26.02.2024 08:14:00;  101.00;  -50.00;   40.00;    3.89;   0.814;       0;    0.93;  998.95;    1.79
26.02.2024 08:15:00;  101.00;  -50.00;   40.00;    3.91;   0.813;       0;    1.37;  998.97;    2.00
26.02.2024 08:16:00;  101.00;  -50.00;   40.00;    3.93;   0.812;       0;    1.02;  998.97;    1.61
26.02.2024 08:17:00;  101.00;  -50.00;   40.00;    3.96;   0.812;       0;    0.98;  998.98;    1.51
26.02.2024 08:18:00;  101.00;  -50.00;   40.00;    3.98;   0.811;       0;    1.12;  998.99;    1.96
26.02.2024 08:19:00;  101.00;  -50.00;   40.00;    4.00;   0.810;       0;    0.49;  998.99;    0.73
26.02.2024 08:20:00;  101.00;  -50.00;   40.00;    4.03;   0.809;       0;    0.28;  999.01;    0.75
26.02.2024 08:21:00;   95.97;  -50.00;   40.00;    4.05;   0.809;       0;    0.17;  999.01;    0.52
26.02.2024 08:22:00;   95.97;  -50.00;   40.00;    4.07;   0.808;       0;    1.69;  999.03;    2.40
26.02.2024 08:23:00;  101.00;  -50.00;   40.00;    4.09;   0.807;       0;    1.24;  999.04;    1.76
26.02.2024 08:24:00;  101.00;  -50.00;   40.00;    4.12;   0.806;       0;    1.22;  999.06;    1.63
26.02.2024 08:25:00;   95.97;  -50.00;   40.00;    4.14;   0.805;       0;    1.80;  999.05;    2.17
26.02.2024 08:26:00;  101.00;  -50.00;   40.00;    4.16;   0.803;       0;    1.70;  999.05;    2.44
26.02.2024 08:27:00;  101.00;  -50.00;   40.00;    4.17;   0.802;       0;    1.66;  999.03;    2.13
26.02.2024 08:28:00;  101.00;  -50.00;   40.00;    4.19;   0.801;       0;    1.49;  999.01;    2.02
26.02.2024 08:29:00;  101.00;  -50.00;   40.00;    4.20;   0.799;       0;    1.24;  999.00;    1.68
26.02.2024 08:30:00;   95.97;  -50.00;   40.00;    4.22;   0.798;       0;    0.99;  998.99;    1.22
26.02.2024 08:31:00;  101.00;  -50.00;   40.00;    4.24;   0.797;       0;    1.24;  998.98;    1.98
26.02.2024 08:32:00;  101.00;  -50.00;   40.00;    4.25;   0.796;       0;    1.79;  998.99;    2.44
26.02.2024 08:33:00;   95.97;  -50.00;   40.00;    4.26;   0.795;       0;    0.99;  998.99;    1.45
26.02.2024 08:34:00;  101.00;  -50.00;   40.00;    4.27;   0.794;       0;    0.93;  998.98;    1.29
26.02.2024 08:35:00;  101.00;  -50.00;   40.00;    4.29;   0.793;       0;    0.64;  998.99;    1.11
26.02.2024 08:36:00;  101.00;  -50.00;   40.00;    4.30;   0.792;       0;    1.06;  998.99;    1.36
26.02.2024 08:37:00;  101.00;  -50.00;   40.00;    4.31;   0.791;       0;    1.34;  998.98;    1.69
26.02.2024 08:38:00;   95.97;  -50.00;   40.00;    4.33;   0.791;       0;    1.71;  998.98;    2.12
26.02.2024 08:39:00;  101.00;  -50.00;   40.00;    4.35;   0.791;       0;    1.27;  998.98;    1.62
26.02.2024 08:40:00;  101.00;  -50.00;   40.00;    4.37;   0.790;       0;    1.37;  998.98;    1.68
26.02.2024 08:41:00;  101.00;  -50.00;   40.00;    4.41;   0.790;       0;    1.21;  998.97;    1.97
26.02.2024 08:42:00;  101.00;  -50.00;   40.00;    4.45;   0.790;       0;    1.41;  998.97;    2.01
26.02.2024 08:43:00;  101.00;  -50.00;   40.00;    4.48;   0.789;       0;    1.12;  998.97;    1.82
26.02.2024 08:44:00;  101.00;  -50.00;   40.00;    4.52;   0.788;       0;    0.98;  998.97;    1.60
26.02.2024 08:45:00;   95.97;  -50.00;   40.00;    4.57;   0.789;       0;    1.26;  998.96;    1.98
26.02.2024 08:46:00;  101.00;  -50.00;   40.00;    4.62;   0.788;       0;    0.99;  998.98;    1.22
26.02.2024 08:47:00;  101.00;  -50.00;   40.00;    4.68;   0.788;       0;    1.43;  998.98;    2.10
26.02.2024 08:48:00;   95.97;  -50.00;   40.00;    4.72;   0.787;       0;    1.37;  998.99;    2.64
26.02.2024 08:49:00;   95.97;  -50.00;   40.00;    4.78;   0.786;       0;    1.74;  999.00;    2.63
26.02.2024 08:50:00;  101.00;  -50.00;   40.00;    4.83;   0.784;       0;    1.77;  999.01;    2.63
26.02.2024 08:51:00;  101.00;  -50.00;   40.00;    4.87;   0.782;       0;    1.15;  999.01;    1.85
26.02.2024 08:52:00;  101.00;  -50.00;   40.00;    4.91;   0.779;       0;    1.88;  999.02;    2.49
26.02.2024 08:53:00;  101.00;  -50.00;   40.00;    4.95;   0.777;       0;    1.44;  999.04;    2.13
26.02.2024 08:54:00;  101.00;  -50.00;   40.00;    5.00;   0.776;       0;    1.38;  999.04;    1.95
26.02.2024 08:55:00;  101.00;  -50.00;   40.00;    5.03;   0.774;       0;    1.87;  999.05;    2.66
26.02.2024 08:56:00;  101.00;  -50.00;   40.00;    5.03;   0.770;       0;    2.41;  999.06;    3.58
26.02.2024 08:57:00;  101.00;  -50.00;   40.00;    5.04;   0.766;       0;    1.97;  999.06;    2.44
26.02.2024 08:58:00;   95.97;  -50.00;   40.00;    5.07;   0.763;       0;    1.47;  999.07;    1.78
26.02.2024 08:59:00;   95.97;  -50.00;   40.00;    5.10;   0.761;       0;    1.47;  999.08;    1.84
26.02.2024 09:00:00;  101.00;  -50.00;   40.00;    5.13;   0.760;       0;    2.45;  999.08;    3.13
26.02.2024 09:01:00;   95.97;  -50.00;   40.00;    5.16;   0.759;       0;    1.75;  999.08;    2.53
26.02.2024 09:02:00;  101.00;  -50.00;   40.00;    5.18;   0.757;       0;    1.21;  999.08;    1.57
26.02.2024 09:03:00;   95.97;  -50.00;   40.00;    5.21;   0.755;       0;    0.97;  999.07;    1.36
26.02.2024 09:04:00;  101.00;  -50.00;   40.00;    5.23;   0.753;       0;    1.40;  999.09;    1.73
26.02.2024 09:05:00;   85.90;  -50.00;   40.00;    5.25;   0.750;       0;    0.79;  999.10;    1.52
26.02.2024 09:06:00;   95.97;  -50.00;   40.00;    5.26;   0.748;       0;    0.87;  999.12;    1.34
26.02.2024 09:07:00;  101.00;  -50.00;   40.00;    5.28;   0.747;       0;    2.20;  999.12;    2.58
26.02.2024 09:08:00;  101.00;  -50.00;   40.00;    5.29;   0.745;       0;    2.38;  999.13;    2.98
26.02.2024 09:09:00;  101.00;  -50.00;   40.00;    5.31;   0.744;       0;    1.72;  999.14;    2.46
26.02.2024 09:10:00;   90.93;  -50.00;   40.00;    5.34;   0.743;       0;    1.40;  999.13;    1.91
26.02.2024 09:11:00;  101.00;  -50.00;   40.00;    5.36;   0.742;       0;    1.49;  999.12;    2.28
26.02.2024 09:12:00;  101.00;  -50.00;   40.00;    5.37;   0.741;       0;    1.36;  999.10;    2.76
26.02.2024 09:13:00;  101.00;  -50.00;   40.00;    5.39;   0.740;       0;    1.41;  999.08;    2.14
26.02.2024 09:14:00;  101.00;  -50.00;   40.00;    5.41;   0.740;       0;    1.02;  999.08;    1.89
26.02.2024 09:15:00;  101.00;  -50.00;   40.00;    5.43;   0.739;       0;    1.65;  999.08;    2.19
26.02.2024 09:16:00;  101.00;  -50.00;   40.00;    5.45;   0.739;       0;    2.56;  999.10;    3.22
26.02.2024 09:17:00;  101.00;  -50.00;   40.00;    5.46;   0.738;       0;    1.85;  999.09;    2.91
26.02.2024 09:18:00;  101.00;  -50.00;   40.00;    5.48;   0.738;       0;    1.57;  999.08;    2.68
26.02.2024 09:19:00;   95.97;  -50.00;   40.00;    5.50;   0.739;       0;    2.01;  999.07;    3.01
26.02.2024 09:20:00;  101.00;  -50.00;   40.00;    5.51;   0.738;       0;    2.28;  999.08;    3.37
26.02.2024 09:21:00;  101.00;  -50.00;   40.00;    5.53;   0.737;       0;    1.60;  999.10;    2.58
26.02.2024 09:22:00;  101.00;  -50.00;   40.00;    5.55;   0.736;       0;    1.55;  999.10;    2.93
26.02.2024 09:23:00;  101.00;  -50.00;   40.00;    5.59;   0.736;       0;    1.25;  999.08;    2.25
26.02.2024 09:24:00;  101.00;  -50.00;   40.00;    5.62;   0.735;       0;    1.24;  999.09;    1.62
26.02.2024 09:25:00;  101.00;  -50.00;   40.00;    5.65;   0.734;       0;    2.31;  999.11;    3.18
26.02.2024 09:26:00;  101.00;  -50.00;   40.00;    5.66;   0.733;       0;    1.79;  999.12;    2.89
26.02.2024 09:27:00;   95.97;  -50.00;   40.00;    5.68;   0.732;       0;    1.40;  999.15;    2.14
26.02.2024 09:28:00;   95.97;  -50.00;   40.00;    5.68;   0.731;       0;    1.39;  999.14;    2.82
26.02.2024 09:29:00;  101.00;  -50.00;   40.00;    5.70;   0.731;       0;    1.24;  999.15;    2.22
26.02.2024 09:30:00;  101.00;  -50.00;   40.00;    5.72;   0.732;       0;    0.76;  999.16;    1.13
26.02.2024 09:31:00;  101.00;  -50.00;   40.00;    5.73;   0.733;       0;    1.31;  999.15;    1.82
26.02.2024 09:32:00;  101.00;  -50.00;   40.00;    5.75;   0.732;       0;    1.37;  999.16;    1.89
26.02.2024 09:33:00;   95.97;  -50.00;   40.00;    5.77;   0.733;       0;    1.25;  999.17;    2.78
26.02.2024 09:34:00;  101.00;  -50.00;   40.00;    5.79;   0.733;       0;    2.88;  999.16;    4.22
26.02.2024 09:35:00;  101.00;  -50.00;   40.00;    5.78;   0.732;       0;    2.52;  999.16;    3.62
26.02.2024 09:36:00;  101.00;  -50.00;   40.00;    5.77;   0.730;       0;    1.31;  999.18;    3.23
26.02.2024 09:37:00;   95.97;  -50.00;   40.00;    5.75;   0.729;       0;    2.74;  999.20;    3.62
26.02.2024 09:38:00;  101.00;  -50.00;   40.00;    5.74;   0.728;       0;    1.23;  999.23;    1.69
26.02.2024 09:39:00;   90.93;  -50.00;   40.00;    5.75;   0.730;       0;    1.62;  999.24;    2.83
26.02.2024 09:40:00;  101.00;  -50.00;   40.00;    5.76;   0.731;       0;    1.74;  999.25;    2.41
26.02.2024 09:41:00;  101.00;  -50.00;   40.00;    5.77;   0.731;       0;    1.55;  999.27;    3.45
26.02.2024 09:42:00;  101.00;  -50.00;   40.00;    5.80;   0.733;       0;    1.62;  999.28;    3.45
26.02.2024 09:43:00;  101.00;  -50.00;   40.00;    5.80;   0.732;       0;    0.77;  999.30;    1.52
26.02.2024 09:44:00;  101.00;  -50.00;   40.00;    5.81;   0.731;       0;    1.03;  999.30;    1.56
26.02.2024 09:45:00;  101.00;  -50.00;   40.00;    5.82;   0.730;       0;    0.91;  999.32;    1.43
26.02.2024 09:46:00;  101.00;  -50.00;   40.00;    5.83;   0.729;       0;    1.65;  999.36;    2.27
26.02.2024 09:47:00;   95.97;  -50.00;   40.00;    5.85;   0.729;       0;    1.34;  999.38;    2.27
26.02.2024 09:48:00;  101.00;  -50.00;   40.00;    5.87;   0.728;       0;    1.93;  999.40;    2.86
26.02.2024 09:49:00;   95.97;  -50.00;   40.00;    5.88;   0.726;       0;    2.26;  999.41;    3.12
26.02.2024 09:50:00;  101.00;  -50.00;   40.00;    5.89;   0.725;       0;    2.45;  999.43;    3.40
26.02.2024 09:51:00;  101.00;  -50.00;   40.00;    5.91;   0.724;       0;    1.63;  999.43;    2.24
26.02.2024 09:52:00;  101.00;  -50.00;   40.00;    5.92;   0.723;       0;    2.18;  999.44;    3.29
26.02.2024 09:53:00;   95.97;  -50.00;   40.00;    5.92;   0.721;       0;    1.26;  999.42;    1.80
26.02.2024 09:54:00;  101.00;  -50.00;   40.00;    5.95;   0.721;       0;    0.88;  999.44;    1.14
26.02.2024 09:55:00;  101.00;  -50.00;   40.00;    5.97;   0.721;       0;    1.14;  999.44;    1.91
26.02.2024 09:56:00;  101.00;  -50.00;   40.00;    5.98;   0.720;       0;    0.85;  999.43;    1.57
26.02.2024 09:57:00;  101.00;  -50.00;   40.00;    6.00;   0.720;       0;    0.79;  999.45;    2.01
26.02.2024 09:58:00;  101.00;  -50.00;   40.00;    6.03;   0.720;       0;    1.51;  999.45;    2.22
26.02.2024 09:59:00;  101.00;  -50.00;   40.00;    6.05;   0.720;       0;    2.55;  999.47;    3.06
26.02.2024 10:00:00;  101.00;  -50.00;   40.00;    6.08;   0.721;       0;    2.07;  999.48;    2.96
26.02.2024 10:01:00;  101.00;  -50.00;   40.00;    6.08;   0.721;       0;    1.38;  999.50;    2.15
26.02.2024 10:02:00;  101.00;  -50.00;   40.00;    6.10;   0.722;       0;    1.07;  999.50;    1.81
26.02.2024 10:03:00;  101.00;  -50.00;   40.00;    6.11;   0.722;       0;    1.49;  999.52;    2.85
26.02.2024 10:04:00;  101.00;  -50.00;   40.00;    6.10;   0.721;       0;    1.71;  999.52;    2.44
26.02.2024 10:05:00;  101.00;  -50.00;   40.00;    6.09;   0.720;       0;    1.37;  999.51;    1.73
26.02.2024 10:06:00;  101.00;  -50.00;   40.00;    6.09;   0.721;       0;    1.58;  999.52;    2.10
26.02.2024 10:07:00;   95.97;  -50.00;   40.00;    6.09;   0.721;       0;    0.87;  999.55;    1.14
26.02.2024 10:08:00;  101.00;  -50.00;   40.00;    6.10;   0.722;       0;    1.00;  999.59;    1.28
26.02.2024 10:09:00;  101.00;  -50.00;   40.00;    6.11;   0.722;       0;    2.08;  999.61;    3.15
26.02.2024 10:10:00;  101.00;  -50.00;   40.00;    6.11;   0.721;       0;    1.49;  999.62;    1.81
26.02.2024 10:11:00;  101.00;  -50.00;   40.00;    6.09;   0.719;       0;    2.85;  999.61;    3.78
26.02.2024 10:12:00;  101.00;  -50.00;   40.00;    6.09;   0.719;       0;    1.89;  999.62;    2.44
26.02.2024 10:13:00;   95.97;  -50.00;   40.00;    6.10;   0.720;       0;    1.40;  999.63;    2.18
26.02.2024 10:14:00;  101.00;  -50.00;   40.00;    6.10;   0.720;       0;    2.37;  999.64;    2.95
26.02.2024 10:15:00;   90.93;  -50.00;   40.00;    6.11;   0.720;       0;    2.75;  999.65;    3.73
26.02.2024 10:16:00;  101.00;  -50.00;   40.00;    6.10;   0.719;       0;    2.29;  999.69;    3.59
26.02.2024 10:17:00;  101.00;  -50.00;   40.00;    6.11;   0.719;       0;    2.45;  999.70;    2.92
26.02.2024 10:18:00;   80.87;  -50.00;   40.00;    6.12;   0.719;       0;    2.41;  999.71;    3.23
26.02.2024 10:19:00;  101.00;  -50.00;   40.00;    6.14;   0.720;       0;    1.04;  999.73;    2.12
26.02.2024 10:20:00;  101.00;  -50.00;   40.00;    6.15;   0.720;       0;    0.91;  999.73;    1.83
26.02.2024 10:21:00;  101.00;  -50.00;   40.00;    6.17;   0.720;       0;    1.66;  999.76;    2.38
26.02.2024 10:22:00;  101.00;  -50.00;   40.00;    6.18;   0.720;       0;    2.39;  999.77;    3.57
26.02.2024 10:23:00;   90.93;  -50.00;   40.00;    6.19;   0.719;       0;    3.08;  999.77;    4.98
26.02.2024 10:24:00;  101.00;  -50.00;   40.00;    6.20;   0.717;       0;    3.27;  999.75;    3.93
26.02.2024 10:25:00;  101.00;  -50.00;   40.00;    6.19;   0.716;       0;    1.99;  999.77;    2.72
26.02.2024 10:26:00;  101.00;  -50.00;   40.00;    6.20;   0.716;       0;    1.77;  999.76;    2.96
26.02.2024 10:27:00;  101.00;  -50.00;   40.00;    6.22;   0.716;       0;    1.88;  999.77;    3.28
26.02.2024 10:28:00;  101.00;  -50.00;   40.00;    6.24;   0.717;       0;    2.08;  999.80;    3.28
26.02.2024 10:29:00;  101.00;  -50.00;   40.00;    6.28;   0.718;       0;    1.73;  999.82;    2.28
26.02.2024 10:30:00;  101.00;  -50.00;   40.00;    6.31;   0.719;       0;    2.09;  999.84;    3.04
26.02.2024 10:31:00;   95.97;  -50.00;   40.00;    6.33;   0.719;       0;    1.69;  999.86;    2.56
26.02.2024 10:32:00;  101.00;  -50.00;   40.00;    6.33;   0.716;       0;    2.30;  999.88;    2.80
26.02.2024 10:33:00;  101.00;  -50.00;   40.00;    6.33;   0.713;       0;    1.94;  999.88;    2.53
26.02.2024 10:34:00;  101.00;  -50.00;   40.00;    6.35;   0.712;       0;    1.72;  999.89;    2.39
26.02.2024 10:35:00;  101.00;  -50.00;   40.00;    6.36;   0.713;       0;    1.95;  999.92;    2.76
26.02.2024 10:36:00;   95.97;  -50.00;   40.00;    6.35;   0.712;       0;    1.44;  999.92;    2.64
26.02.2024 10:37:00;   95.97;  -50.00;   40.00;    6.36;   0.711;       0;    1.61;  999.94;    2.24
26.02.2024 10:38:00;  101.00;  -50.00;   40.00;    6.37;   0.709;       0;    1.62;  999.93;    2.35
26.02.2024 10:39:00;   90.93;  -50.00;   40.00;    6.39;   0.709;       0;    1.05;  999.94;    1.67
26.02.2024 10:40:00;   95.97;  -50.00;   40.00;    6.42;   0.709;       0;    2.28;  999.93;    3.10
26.02.2024 10:41:00;  101.00;  -50.00;   40.00;    6.41;   0.706;       0;    2.92;  999.95;    3.61
26.02.2024 10:42:00;   95.97;  -50.00;   40.00;    6.40;   0.703;       0;    2.46;  999.95;    3.97
26.02.2024 10:43:00;  101.00;  -50.00;   40.00;    6.40;   0.703;       0;    0.98;  999.95;    2.60
26.02.2024 10:44:00;   95.97;  -50.00;   40.00;    6.40;   0.702;       0;    2.65;  999.96;    4.03
26.02.2024 10:45:00;  101.00;  -50.00;   40.00;    6.39;   0.700;       0;    3.02;  999.96;    4.33
26.02.2024 10:46:00;  101.00;  -50.00;   40.00;    6.38;   0.699;       0;    3.34;  999.97;    3.93
26.02.2024 10:47:00;  101.00;  -50.00;   40.00;    6.38;   0.699;       0;    2.95;  999.96;    3.93
26.02.2024 10:48:00;   95.97;  -50.00;   40.00;    6.38;   0.700;       0;    1.72;  999.96;    2.24
26.02.2024 10:49:00;  101.00;  -50.00;   40.00;    6.42;   0.703;       0;    1.62;  999.96;    1.98
26.02.2024 10:50:00;  101.00;  -50.00;   40.00;    6.44;   0.704;       0;    1.90;  999.98;    3.05
26.02.2024 10:51:00;  101.00;  -50.00;   40.00;    6.45;   0.704;       0;    2.21;  999.96;    2.81
26.02.2024 10:52:00;  101.00;  -50.00;   40.00;    6.46;   0.704;       0;    2.55;  999.96;    3.17
26.02.2024 10:53:00;   95.97;  -50.00;   40.00;    6.46;   0.702;       0;    2.62;  999.97;    3.61
26.02.2024 10:54:00;  101.00;  -50.00;   40.00;    6.46;   0.701;       0;    2.23;  999.98;    3.35
26.02.2024 10:55:00;   95.97;  -50.00;   40.00;    6.45;   0.700;       0;    1.69;  999.98;    2.21
26.02.2024 10:56:00;  101.00;  -50.00;   40.00;    6.48;   0.702;       0;    1.36;  999.98;    1.88
26.02.2024 10:57:00;  101.00;  -50.00;   40.00;    6.50;   0.704;       0;    1.15; 1000.02;    2.01
26.02.2024 10:58:00;  101.00;  -50.00;   40.00;    6.51;   0.706;       0;    2.05; 1000.02;    3.07
26.02.2024 10:59:00;  101.00;  -50.00;   40.00;    6.52;   0.705;       0;    1.52; 1000.01;    1.89
26.02.2024 11:00:00;  101.00;  -50.00;   40.00;    6.54;   0.705;       0;    2.48; 1000.02;    3.31
26.02.2024 11:01:00;  101.00;  -50.00;   40.00;    6.56;   0.706;       0;    2.39; 1000.01;    4.54
26.02.2024 11:02:00;   95.97;  -50.00;   40.00;    6.57;   0.706;       0;    1.92; 1000.01;    2.45
26.02.2024 11:03:00;  101.00;  -50.00;   40.00;    6.59;   0.707;       0;    2.15; 1000.01;    2.76
26.02.2024 11:04:00;  101.00;  -50.00;   40.00;    6.61;   0.707;       0;    1.57; 1000.00;    2.34
26.02.2024 11:05:00;   95.97;  -50.00;   40.00;    6.62;   0.706;       0;    1.24; 1000.00;    1.70
26.02.2024 11:06:00;  101.00;  -50.00;   40.00;    6.63;   0.706;       0;    1.54; 1000.02;    1.91
26.02.2024 11:07:00;   95.97;  -50.00;   40.00;    6.64;   0.705;       0;    0.85; 1000.02;    1.05
26.02.2024 11:08:00;  101.00;  -50.00;   40.00;    6.67;   0.707;       0;    0.86; 1000.02;    1.62
26.02.2024 11:09:00;  101.00;  -50.00;   40.00;    6.69;   0.707;       0;    0.61; 1000.02;    1.34
26.02.2024 11:10:00;  101.00;  -50.00;   40.00;    6.72;   0.707;       0;    0.94; 1000.01;    1.62
26.02.2024 11:11:00;  101.00;  -50.00;   40.00;    6.75;   0.707;       0;    1.09; 1000.01;    1.61
26.02.2024 11:12:00;  101.00;  -50.00;   40.00;    6.77;   0.706;       0;    1.97; 1000.02;    4.05
26.02.2024 11:13:00;  101.00;  -50.00;   40.00;    6.77;   0.704;       0;    2.56; 1000.01;    4.05
26.02.2024 11:14:00;  101.00;  -50.00;   40.00;    6.78;   0.702;       0;    1.93; 1000.01;    3.30
26.02.2024 11:15:00;  101.00;  -50.00;   40.00;    6.79;   0.701;       0;    1.89; 1000.00;    3.73
26.02.2024 11:16:00;  101.00;  -50.00;   40.00;    6.81;   0.701;       0;    1.34; 1000.00;    1.87
26.02.2024 11:17:00;  101.00;  -50.00;   40.00;    6.83;   0.703;       0;    2.20;  999.99;    3.48
26.02.2024 11:18:00;  101.00;  -50.00;   40.00;    6.84;   0.701;       0;    2.23;  999.97;    3.39
26.02.2024 11:19:00;  101.00;  -50.00;   40.00;    6.84;   0.699;       0;    1.30;  999.97;    2.73
26.02.2024 11:20:00;  101.00;  -50.00;   40.00;    6.85;   0.699;       0;    2.04;  999.97;    3.03
26.02.2024 11:21:00;  101.00;  -50.00;   40.00;    6.86;   0.699;       0;    1.24;  999.96;    1.74
26.02.2024 11:22:00;  101.00;  -50.00;   40.00;    6.86;   0.698;       0;    1.43;  999.96;    4.01
26.02.2024 11:23:00;  101.00;  -50.00;   40.00;    6.87;   0.697;       0;    2.74;  999.97;    3.70
26.02.2024 11:24:00;   95.97;  -50.00;   40.00;    6.90;   0.699;       0;    3.06;  999.99;    4.66
26.02.2024 11:25:00;   95.97;  -50.00;   40.00;    6.90;   0.697;       0;    2.26;  999.98;    3.59
26.02.2024 11:26:00;  101.00;  -50.00;   40.00;    6.93;   0.700;       0;    1.98;  999.97;    3.12
26.02.2024 11:27:00;  101.00;  -50.00;   40.00;    6.95;   0.701;       0;    2.20;  999.96;    3.14
26.02.2024 11:28:00;   95.97;  -50.00;   40.00;    6.97;   0.701;       0;    1.65;  999.96;    2.25
26.02.2024 11:29:00;  101.00;  -50.00;   40.00;    7.01;   0.701;       0;    1.60;  999.93;    2.92
26.02.2024 11:30:00;   95.97;  -50.00;   40.00;    7.06;   0.702;       0;    2.19;  999.92;    4.08
26.02.2024 11:31:00;  101.00;  -50.00;   40.00;    7.11;   0.702;       0;    1.23;  999.94;    2.65
26.02.2024 11:32:00;  101.00;  -50.00;   40.00;    7.15;   0.702;       0;    1.24;  999.94;    2.62
26.02.2024 11:33:00;  101.00;  -50.00;   40.00;    7.18;   0.700;       0;    2.72;  999.94;    3.66
26.02.2024 11:34:00;  101.00;  -50.00;   40.00;    7.21;   0.698;       0;    2.05;  999.96;    2.71
26.02.2024 11:35:00;  101.00;  -50.00;   40.00;    7.23;   0.696;       0;    2.44;  999.96;    3.07
26.02.2024 11:36:00;  101.00;  -50.00;   40.00;    7.24;   0.694;       0;    2.59;  999.95;    3.16
26.02.2024 11:37:00;  101.00;  -50.00;   40.00;    7.28;   0.693;       0;    2.75;  999.95;    3.91
26.02.2024 11:38:00;  101.00;  -50.00;   40.00;    7.31;   0.692;       0;    2.85;  999.93;    3.76
26.02.2024 11:39:00;   95.97;  -50.00;   40.00;    7.32;   0.690;       0;    1.90;  999.93;    3.51
26.02.2024 11:40:00;  101.00;  -50.00;   40.00;    7.34;   0.690;       0;    1.47;  999.93;    3.02
26.02.2024 11:41:00;  101.00;  -50.00;   40.00;    7.37;   0.690;       0;    2.09;  999.92;    3.92
26.02.2024 11:42:00;  101.00;  -50.00;   40.00;    7.40;   0.690;       0;    2.27;  999.91;    2.67
26.02.2024 11:43:00;  101.00;  -50.00;   40.00;    7.42;   0.689;       0;    1.82;  999.90;    2.47
26.02.2024 11:44:00;   95.97;  -50.00;   40.00;    7.43;   0.688;       0;    2.34;  999.88;    3.93
26.02.2024 11:45:00;  101.00;  -50.00;   40.00;    7.43;   0.686;       0;    2.06;  999.89;    4.68
26.02.2024 11:46:00;  101.00;  -50.00;   40.00;    7.45;   0.685;       0;    3.22;  999.88;    4.47
26.02.2024 11:47:00;  101.00;  -50.00;   40.00;    7.46;   0.685;       0;    1.38;  999.87;    2.55
26.02.2024 11:48:00;  101.00;  -50.00;   40.00;    7.48;   0.686;       0;    1.45;  999.89;    2.35
26.02.2024 11:49:00;  101.00;  -50.00;   40.00;    7.51;   0.687;       0;    1.49;  999.90;    2.53
26.02.2024 11:50:00;  101.00;  -50.00;   40.00;    7.52;   0.686;       0;    2.46;  999.89;    3.67
26.02.2024 11:51:00;  101.00;  -50.00;   40.00;    7.56;   0.687;       0;    1.81;  999.91;    2.31
26.02.2024 11:52:00;  101.00;  -50.00;   40.00;    7.60;   0.688;       0;    1.06;  999.91;    1.75
26.02.2024 11:53:00;  101.00;  -50.00;   40.00;    7.64;   0.687;       0;    3.07;  999.92;    4.09
26.02.2024 11:54:00;  101.00;  -50.00;   40.00;    7.66;   0.686;       0;    2.93;  999.94;    4.14
26.02.2024 11:55:00;  101.00;  -50.00;   40.00;    7.66;   0.685;       0;    2.73;  999.95;    4.81
26.02.2024 11:56:00;  101.00;  -50.00;   40.00;    7.66;   0.683;       0;    2.36;  999.95;    3.15
26.02.2024 11:57:00;   95.97;  -50.00;   40.00;    7.67;   0.683;       0;    2.25;  999.96;    4.33
26.02.2024 11:58:00;  101.00;  -50.00;   40.00;    7.69;   0.683;       0;    2.37;  999.95;    3.54
26.02.2024 11:59:00;  101.00;  -50.00;   40.00;    7.71;   0.683;       0;    2.76;  999.96;    4.69
26.02.2024 12:00:00;  101.00;  -50.00;   40.00;    7.72;   0.683;       0;    2.41;  999.94;    4.69
26.02.2024 12:01:00;  101.00;  -50.00;   40.00;    7.75;   0.683;       0;    1.97;  999.96;    3.38
26.02.2024 12:02:00;   95.97;  -50.00;   40.00;    7.78;   0.683;       0;    3.15;  999.95;    4.35
26.02.2024 12:03:00;   95.97;  -50.00;   40.00;    7.78;   0.682;       0;    1.90;  999.98;    2.82
26.02.2024 12:04:00;  101.00;  -50.00;   40.00;    7.80;   0.682;       0;    2.37;  999.98;    3.11
26.02.2024 12:05:00;  101.00;  -50.00;   40.00;    7.85;   0.683;       0;    1.62;  999.98;    2.81
26.02.2024 12:06:00;  101.00;  -50.00;   40.00;    7.86;   0.681;       0;    2.41;  999.98;    3.12
26.02.2024 12:07:00;  101.00;  -50.00;   40.00;    7.88;   0.679;       0;    2.95;  999.99;    4.86
26.02.2024 12:08:00;  101.00;  -50.00;   40.00;    7.88;   0.676;       0;    3.46;  999.99;    4.72
26.02.2024 12:09:00;  101.00;  -50.00;   40.00;    7.89;   0.675;       0;    3.46; 1000.00;    5.49
26.02.2024 12:10:00;  101.00;  -50.00;   40.00;    7.88;   0.673;       0;    3.25; 1000.02;    4.32
26.02.2024 12:11:00;  101.00;  -50.00;   40.00;    7.90;   0.673;       0;    3.57; 1000.03;    4.97
26.02.2024 12:12:00;  101.00;  -50.00;   40.00;    7.90;   0.672;       0;    3.40; 1000.04;    4.01
26.02.2024 12:13:00;  101.00;  -50.00;   40.00;    7.90;   0.670;       0;    2.77; 1000.05;    3.79
26.02.2024 12:14:00;  101.00;  -50.00;   40.00;    7.92;   0.672;       0;    1.57; 1000.04;    2.86
26.02.2024 12:15:00;  101.00;  -50.00;   40.00;    7.96;   0.673;       0;    1.49; 1000.05;    2.85
26.02.2024 12:16:00;  101.00;  -50.00;   40.00;    8.01;   0.674;       0;    2.35; 1000.05;    4.36
26.02.2024 12:17:00;  101.00;  -50.00;   40.00;    8.04;   0.673;       0;    2.79; 1000.05;    4.36
26.02.2024 12:18:00;  101.00;  -50.00;   40.00;    8.05;   0.671;       0;    2.05; 1000.05;    3.01
26.02.2024 12:19:00;  101.00;  -50.00;   40.00;    8.07;   0.669;       0;    1.88; 1000.06;    2.73
26.02.2024 12:20:00;  101.00;  -50.00;   40.00;    8.11;   0.670;       0;    1.35; 1000.09;    2.03
26.02.2024 12:21:00;   90.93;  -50.00;   40.00;    8.14;   0.670;       0;    2.17; 1000.11;    2.94
26.02.2024 12:22:00;   95.97;  -50.00;   40.00;    8.15;   0.667;       0;    1.94; 1000.13;    2.94
26.02.2024 12:23:00;   90.93;  -50.00;   40.00;    8.19;   0.668;       0;    1.84; 1000.15;    2.43
26.02.2024 12:24:00;  101.00;  -50.00;   40.00;    8.23;   0.669;       0;    2.01; 1000.17;    3.01
26.02.2024 12:25:00;  101.00;  -50.00;   40.00;    8.25;   0.668;       0;    3.20; 1000.16;    3.85
26.02.2024 12:26:00;  101.00;  -50.00;   40.00;    8.25;   0.665;       0;    3.48; 1000.17;    4.81
26.02.2024 12:27:00;  101.00;  -50.00;   40.00;    8.24;   0.661;       0;    3.49; 1000.17;    4.81
26.02.2024 12:28:00;  101.00;  -50.00;   40.00;    8.26;   0.661;       0;    3.60; 1000.18;    5.02
26.02.2024 12:29:00;  101.00;  -50.00;   40.00;    8.25;   0.660;       0;    3.12; 1000.18;    5.05
26.02.2024 12:30:00;  101.00;  -50.00;   40.00;    8.24;   0.658;       0;    3.96; 1000.18;    5.03
26.02.2024 12:31:00;  101.00;  -50.00;   40.00;    8.25;   0.659;       0;    3.27; 1000.19;    4.96
26.02.2024 12:32:00;  101.00;  -50.00;   40.00;    8.27;   0.660;       0;    4.30; 1000.20;    5.38
26.02.2024 12:33:00;   90.93;  -50.00;   40.00;    8.27;   0.658;       0;    3.44; 1000.18;    5.01
26.02.2024 12:34:00;  101.00;  -50.00;   40.00;    8.26;   0.656;       0;    3.02; 1000.17;    3.60
26.02.2024 12:35:00;  101.00;  -50.00;   40.00;    8.27;   0.655;       0;    2.80; 1000.17;    4.03
26.02.2024 12:36:00;  101.00;  -50.00;   40.00;    8.28;   0.654;       0;    2.70; 1000.17;    3.64
26.02.2024 12:37:00;  101.00;  -50.00;   40.00;    8.29;   0.655;       0;    2.85; 1000.16;    3.94
26.02.2024 12:38:00;  101.00;  -50.00;   40.00;    8.31;   0.655;       0;    2.53; 1000.18;    2.91
26.02.2024 12:39:00;  101.00;  -50.00;   40.00;    8.34;   0.655;       0;    1.41; 1000.18;    2.78
26.02.2024 12:40:00;  101.00;  -50.00;   40.00;    8.39;   0.657;       0;    2.48; 1000.19;    3.05
26.02.2024 12:41:00;  101.00;  -50.00;   40.00;    8.45;   0.658;       0;    2.10; 1000.21;    3.16
26.02.2024 12:42:00;  101.00;  -50.00;   40.00;    8.48;   0.657;       0;    2.52; 1000.21;    3.22
26.02.2024 12:43:00;  101.00;  -50.00;   40.00;    8.49;   0.653;       0;    3.82; 1000.19;    4.91
26.02.2024 12:44:00;  101.00;  -50.00;   40.00;    8.49;   0.648;       0;    3.64; 1000.19;    4.61
26.02.2024 12:45:00;  101.00;  -50.00;   40.00;    8.52;   0.649;       0;    3.27; 1000.19;    5.19
26.02.2024 12:46:00;  101.00;  -50.00;   40.00;    8.54;   0.648;       0;    3.88; 1000.18;    5.19
26.02.2024 12:47:00;  101.00;  -50.00;   40.00;    8.56;   0.647;       0;    2.48; 1000.19;    3.66
26.02.2024 12:48:00;   95.97;  -50.00;   40.00;    8.61;   0.649;       0;    2.24; 1000.19;    3.67
26.02.2024 12:49:00;  101.00;  -50.00;   40.00;    8.63;   0.647;       0;    2.12; 1000.20;    3.62
26.02.2024 12:50:00;  101.00;  -50.00;   40.00;    8.66;   0.645;       0;    1.65; 1000.20;    2.31
26.02.2024 12:51:00;  101.00;  -50.00;   40.00;    8.71;   0.646;       0;    2.42; 1000.19;    3.17
26.02.2024 12:52:00;  101.00;  -50.00;   40.00;    8.77;   0.648;       0;    2.36; 1000.20;    3.69
26.02.2024 12:53:00;  101.00;  -50.00;   40.00;    8.82;   0.649;       0;    2.00; 1000.22;    3.16
26.02.2024 12:54:00;   95.97;  -50.00;   40.00;    8.87;   0.649;       0;    1.65; 1000.24;    3.14
26.02.2024 12:55:00;  101.00;  -50.00;   40.00;    8.90;   0.647;       0;    1.49; 1000.27;    2.22
26.02.2024 12:56:00;   90.93;  -50.00;   40.00;    8.95;   0.646;       0;    1.69; 1000.29;    3.03
26.02.2024 12:57:00;  101.00;  -50.00;   40.00;    8.96;   0.642;       0;    2.91; 1000.31;    3.24
26.02.2024 12:58:00;  101.00;  -50.00;   40.00;    8.98;   0.639;       0;    1.94; 1000.34;    3.21
26.02.2024 12:59:00;  101.00;  -50.00;   40.00;    9.01;   0.640;       0;    1.63; 1000.36;    2.37
26.02.2024 13:00:00;   95.97;  -50.00;   40.00;    9.02;   0.639;       0;    2.93; 1000.39;    4.50
26.02.2024 13:01:00;  101.00;  -50.00;   40.00;    9.02;   0.637;       0;    4.11; 1000.40;    5.87
26.02.2024 13:02:00;  101.00;  -50.00;   40.00;    8.98;   0.632;       0;    3.42; 1000.41;    5.35
26.02.2024 13:03:00;  101.00;  -50.00;   40.00;    8.95;   0.631;       0;    2.34; 1000.41;    3.80
26.02.2024 13:04:00;  101.00;  -50.00;   40.00;    8.95;   0.632;       0;    3.34; 1000.42;    4.69
26.02.2024 13:05:00;  101.00;  -50.00;   40.00;    8.93;   0.633;       0;    3.93; 1000.44;    4.67
26.02.2024 13:06:00;  101.00;  -50.00;   40.00;    8.91;   0.633;       0;    2.19; 1000.45;    4.08
26.02.2024 13:07:00;  101.00;  -50.00;   40.00;    8.90;   0.632;       0;    0.73; 1000.46;    1.09
26.02.2024 13:08:00;  101.00;  -50.00;   40.00;    8.91;   0.635;       0;    1.67; 1000.48;    2.37
26.02.2024 13:09:00;   90.93;  -50.00;   40.00;    8.91;   0.636;       0;    2.68; 1000.51;    4.08
26.02.2024 13:10:00;  101.00;  -50.00;   40.00;    8.88;   0.633;       0;    2.16; 1000.53;    3.06
26.02.2024 13:11:00;  101.00;  -50.00;   40.00;    8.85;   0.632;       0;    1.60; 1000.54;    1.89
26.02.2024 13:12:00;  101.00;  -50.00;   40.00;    8.84;   0.633;       0;    2.64; 1000.56;    3.63
26.02.2024 13:13:00;  101.00;  -50.00;   40.00;    8.80;   0.632;       0;    2.99; 1000.57;    3.96
26.02.2024 13:14:00;  101.00;  -50.00;   40.00;    8.77;   0.633;       0;    2.45; 1000.58;    4.76
26.02.2024 13:15:00;   95.97;  -50.00;   40.00;    8.76;   0.634;       0;    3.14; 1000.56;    5.35
26.02.2024 13:16:00;  101.00;  -50.00;   40.00;    8.73;   0.635;       0;    2.98; 1000.57;    4.95
26.02.2024 13:17:00;   95.97;  -50.00;   40.00;    8.71;   0.636;       0;    2.29; 1000.59;    4.57
26.02.2024 13:18:00;  101.00;  -50.00;   40.00;    8.69;   0.637;       0;    2.59; 1000.58;    3.29
26.02.2024 13:19:00;  101.00;  -50.00;   40.00;    8.69;   0.639;       0;    3.90; 1000.58;    5.50
26.02.2024 13:20:00;  101.00;  -50.00;   40.00;    8.69;   0.641;       0;    2.72; 1000.59;    4.93
26.02.2024 13:21:00;   95.97;  -50.00;   40.00;    8.67;   0.640;       0;    4.16; 1000.61;    5.65
26.02.2024 13:22:00;  101.00;  -50.00;   40.00;    8.66;   0.639;       0;    2.69; 1000.61;    4.23
26.02.2024 13:23:00;   95.97;  -50.00;   40.00;    8.66;   0.640;       0;    1.49; 1000.63;    2.44
26.02.2024 13:24:00;  101.00;  -50.00;   40.00;    8.67;   0.643;       0;    1.62; 1000.65;    2.52
26.02.2024 13:25:00;  101.00;  -50.00;   40.00;    8.68;   0.645;       0;    2.86; 1000.68;    4.14
26.02.2024 13:26:00;  101.00;  -50.00;   40.00;    8.67;   0.644;       0;    2.74; 1000.69;    4.21
26.02.2024 13:27:00;  101.00;  -50.00;   40.00;    8.67;   0.643;       0;    2.64; 1000.69;    5.15
26.02.2024 13:28:00;  101.00;  -50.00;   40.00;    8.67;   0.643;       0;    2.34; 1000.70;    2.95
26.02.2024 13:29:00;  101.00;  -50.00;   40.00;    8.68;   0.644;       0;    2.36; 1000.69;    3.10
26.02.2024 13:30:00;   95.97;  -50.00;   40.00;    8.70;   0.644;       0;    1.39; 1000.69;    2.26
26.02.2024 13:31:00;   95.97;  -50.00;   40.00;    8.70;   0.643;       0;    1.37; 1000.70;    3.62
26.02.2024 13:32:00;   95.97;  -50.00;   40.00;    8.71;   0.642;       0;    2.24; 1000.69;    3.77
26.02.2024 13:33:00;  101.00;  -50.00;   40.00;    8.73;   0.641;       0;    1.68; 1000.70;    1.95
26.02.2024 13:34:00;  101.00;  -50.00;   40.00;    8.75;   0.642;       0;    1.81; 1000.71;    3.49
26.02.2024 13:35:00;  101.00;  -50.00;   40.00;    8.76;   0.641;       0;    1.78; 1000.70;    2.61
26.02.2024 13:36:00;  101.00;  -50.00;   40.00;    8.76;   0.640;       0;    2.31; 1000.70;    3.77
26.02.2024 13:37:00;  101.00;  -50.00;   40.00;    8.75;   0.640;       0;    2.69; 1000.70;    3.99
26.02.2024 13:38:00;   90.93;  -50.00;   40.00;    8.74;   0.639;       0;    1.49; 1000.70;    2.08
26.02.2024 13:39:00;  101.00;  -50.00;   40.00;    8.76;   0.642;       0;    1.59; 1000.71;    2.07
26.02.2024 13:40:00;  101.00;  -50.00;   40.00;    8.76;   0.644;       0;    1.34; 1000.70;    1.91
26.02.2024 13:41:00;  101.00;  -50.00;   40.00;    8.77;   0.644;       0;    1.66; 1000.70;    2.35
26.02.2024 13:42:00;   95.97;  -50.00;   40.00;    8.77;   0.644;       0;    0.84; 1000.68;    1.57
26.02.2024 13:43:00;  101.00;  -50.00;   40.00;    8.78;   0.645;       0;    1.51; 1000.69;    2.10
26.02.2024 13:44:00;   95.97;  -50.00;   40.00;    8.79;   0.644;       0;    1.10; 1000.67;    1.72
26.02.2024 13:45:00;  101.00;  -50.00;   40.00;    8.79;   0.643;       0;    1.15; 1000.66;    1.70
26.02.2024 13:46:00;  101.00;  -50.00;   40.00;    8.81;   0.644;       0;    1.47; 1000.67;    2.98
26.02.2024 13:47:00;   95.97;  -50.00;   40.00;    8.82;   0.643;       0;    2.66; 1000.67;    4.57
26.02.2024 13:48:00;   90.93;  -50.00;   40.00;    8.81;   0.642;       0;    3.36; 1000.70;    4.57
26.02.2024 13:49:00;  101.00;  -50.00;   40.00;    8.80;   0.640;       0;    3.04; 1000.68;    4.37
26.02.2024 13:50:00;  101.00;  -50.00;   40.00;    8.79;   0.640;       0;    2.94; 1000.69;    4.16
26.02.2024 13:51:00;  101.00;  -50.00;   40.00;    8.78;   0.639;       0;    3.40; 1000.71;    5.03
26.02.2024 13:52:00;  101.00;  -50.00;   40.00;    8.77;   0.639;       0;    2.71; 1000.70;    3.76
26.02.2024 13:53:00;  101.00;  -50.00;   40.00;    8.77;   0.640;       0;    2.81; 1000.71;    3.29
26.02.2024 13:54:00;   95.97;  -50.00;   40.00;    8.77;   0.641;       0;    1.69; 1000.69;    2.76
26.02.2024 13:55:00;  101.00;  -50.00;   40.00;    8.78;   0.642;       0;    1.24; 1000.68;    2.25
26.02.2024 13:56:00;  101.00;  -50.00;   40.00;    8.80;   0.644;       0;    1.41; 1000.71;    3.96
26.02.2024 13:57:00;  101.00;  -50.00;   40.00;    8.80;   0.644;       0;    2.92; 1000.70;    3.96
26.02.2024 13:58:00;  101.00;  -50.00;   40.00;    8.81;   0.644;       0;    3.09; 1000.70;    4.06
26.02.2024 13:59:00;   95.97;  -50.00;   40.00;    8.81;   0.644;       0;    3.02; 1000.71;    3.94
26.02.2024 14:00:00;  101.00;  -50.00;   40.00;    8.81;   0.643;       0;    2.54; 1000.72;    3.31
26.02.2024 14:01:00;   95.79;  -50.00;   40.00;    8.81;   0.642;       0;    2.45; 1000.73;    4.32
26.02.2024 14:02:00;  101.00;  -50.00;   40.00;    8.81;   0.642;       0;    3.19; 1000.74;    5.18
26.02.2024 14:03:00;  101.00;  -50.00;   40.00;    8.81;   0.641;       0;    3.68; 1000.72;    5.78
26.02.2024 14:04:00;  101.00;  -50.00;   40.00;    8.80;   0.641;       0;    3.41; 1000.73;    3.81
26.02.2024 14:05:00;  101.00;  -50.00;   40.00;    8.79;   0.641;       0;    2.91; 1000.74;    4.54
26.02.2024 14:06:00;  101.00;  -50.00;   40.00;    8.78;   0.640;       0;    2.14; 1000.74;    3.02
26.02.2024 14:07:00;  101.00;  -50.00;   40.00;    8.77;   0.639;       0;    2.80; 1000.75;    3.46
26.02.2024 14:08:00;   95.97;  -50.00;   40.00;    8.76;   0.638;       0;    1.67; 1000.75;    3.39
26.02.2024 14:09:00;  101.00;  -50.00;   40.00;    8.75;   0.639;       0;    3.60; 1000.77;    5.07
26.02.2024 14:10:00;  101.00;  -50.00;   40.00;    8.74;   0.638;       0;    1.43; 1000.78;    2.12
26.02.2024 14:11:00;   95.97;  -50.00;   40.00;    8.74;   0.639;       0;    1.80; 1000.80;    4.23
26.02.2024 14:12:00;  101.00;  -50.00;   40.00;    8.74;   0.639;       0;    3.23; 1000.82;    5.66
26.02.2024 14:13:00;  101.00;  -50.00;   40.00;    8.75;   0.639;       0;    1.26; 1000.84;    1.80
26.02.2024 14:14:00;  101.00;  -50.00;   40.00;    8.76;   0.640;       0;    1.32; 1000.87;    2.22
26.02.2024 14:15:00;  101.00;  -50.00;   40.00;    8.77;   0.641;       0;    1.91; 1000.88;    2.94
26.02.2024 14:16:00;  101.00;  -50.00;   40.00;    8.77;   0.642;       0;    2.22; 1000.88;    3.91
26.02.2024 14:17:00;   95.97;  -50.00;   40.00;    8.78;   0.642;       0;    2.20; 1000.89;    3.67
26.02.2024 14:18:00;  101.00;  -50.00;   40.00;    8.78;   0.642;       0;    2.06; 1000.88;    3.69
26.02.2024 14:19:00;  101.00;  -50.00;   40.00;    8.78;   0.643;       0;    2.56; 1000.88;    3.78
26.02.2024 14:20:00;  101.00;  -50.00;   40.00;    8.77;   0.644;       0;    2.27; 1000.89;    3.78
26.02.2024 14:21:00;  101.00;  -50.00;   40.00;    8.75;   0.643;       0;    2.50; 1000.90;    3.47
26.02.2024 14:22:00;  101.00;  -50.00;   40.00;    8.75;   0.643;       0;    1.41; 1000.90;    2.25
26.02.2024 14:23:00;  101.00;  -50.00;   40.00;    8.76;   0.643;       0;    1.35; 1000.92;    1.95
26.02.2024 14:24:00;  101.00;  -50.00;   40.00;    8.76;   0.643;       0;    2.49; 1000.93;    3.47
26.02.2024 14:25:00;   95.97;  -50.00;   40.00;    8.76;   0.643;       0;    2.65; 1000.98;    4.14
26.02.2024 14:26:00;  101.00;  -50.00;   40.00;    8.74;   0.641;       0;    3.12; 1000.99;    4.21
26.02.2024 14:27:00;  101.00;  -50.00;   40.00;    8.74;   0.641;       0;    2.07; 1001.03;    3.82
26.02.2024 14:28:00;  101.00;  -50.00;   40.00;    8.74;   0.641;       0;    2.52; 1001.05;    3.31
26.02.2024 14:29:00;  101.00;  -50.00;   40.00;    8.74;   0.640;       0;    2.20; 1001.06;    2.94
26.02.2024 14:30:00;  101.00;  -50.00;   40.00;    8.73;   0.640;       0;    1.64; 1001.08;    2.67
26.02.2024 14:31:00;  101.00;  -50.00;   40.00;    8.73;   0.640;       0;    2.28; 1001.08;    2.93
26.02.2024 14:32:00;  101.00;  -50.00;   40.00;    8.73;   0.640;       0;    2.02; 1001.08;    2.81
26.02.2024 14:33:00;  101.00;  -50.00;   40.00;    8.74;   0.640;       0;    1.61; 1001.10;    2.44
26.02.2024 14:34:00;   95.97;  -50.00;   40.00;    8.74;   0.641;       0;    2.51; 1001.12;    4.02
26.02.2024 14:35:00;  101.00;  -50.00;   40.00;    8.74;   0.641;       0;    2.99; 1001.14;    5.11
26.02.2024 14:36:00;  101.00;  -50.00;   40.00;    8.74;   0.640;       0;    3.12; 1001.15;    4.60
26.02.2024 14:37:00;   95.97;  -50.00;   40.00;    8.73;   0.639;       0;    2.58; 1001.16;    4.14
26.02.2024 14:38:00;  101.00;  -50.00;   40.00;    8.73;   0.639;       0;    2.13; 1001.18;    4.14
26.02.2024 14:39:00;  101.00;  -50.00;   40.00;    8.72;   0.639;       0;    2.40; 1001.21;    3.78
26.02.2024 14:40:00;  101.00;  -50.00;   40.00;    8.72;   0.639;       0;    2.27; 1001.21;    3.78
26.02.2024 14:41:00;  101.00;  -50.00;   40.00;    8.73;   0.640;       0;    1.93; 1001.21;    2.89
26.02.2024 14:42:00;  101.00;  -50.00;   40.00;    8.73;   0.640;       0;    2.63; 1001.23;    3.67
26.02.2024 14:43:00;  101.00;  -50.00;   40.00;    8.73;   0.639;       0;    2.91; 1001.23;    4.29
26.02.2024 14:44:00;  101.00;  -50.00;   40.00;    8.73;   0.637;       0;    2.48; 1001.25;    4.42
26.02.2024 14:45:00;  101.00;  -50.00;   40.00;    8.74;   0.638;       0;    2.56; 1001.25;    4.01
26.02.2024 14:46:00;  101.00;  -50.00;   40.00;    8.74;   0.639;       0;    2.68; 1001.26;    4.27
26.02.2024 14:47:00;   95.97;  -50.00;   40.00;    8.74;   0.639;       0;    2.73; 1001.28;    3.84
26.02.2024 14:48:00;  101.00;  -50.00;   40.00;    8.74;   0.639;       0;    2.75; 1001.30;    3.68
26.02.2024 14:49:00;  101.00;  -50.00;   40.00;    8.74;   0.638;       0;    2.21; 1001.32;    2.74
26.02.2024 14:50:00;  101.00;  -50.00;   40.00;    8.74;   0.639;       0;    1.33; 1001.35;    2.63
26.02.2024 14:51:00;  101.00;  -50.00;   40.00;    8.75;   0.639;       0;    1.99; 1001.38;    3.19
26.02.2024 14:52:00;   95.97;  -50.00;   40.00;    8.75;   0.638;       0;    1.77; 1001.39;    3.19
26.02.2024 14:53:00;  101.00;  -50.00;   40.00;    8.75;   0.639;       0;    1.19; 1001.43;    1.68
26.02.2024 14:54:00;  101.00;  -50.00;   40.00;    8.76;   0.641;       0;    1.18; 1001.44;    2.45
26.02.2024 14:55:00;   95.97;  -50.00;   40.00;    8.75;   0.641;       0;    2.70; 1001.45;    3.69
26.02.2024 14:56:00;  101.00;  -50.00;   40.00;    8.75;   0.641;       0;    2.25; 1001.46;    3.13
26.02.2024 14:57:00;  101.00;  -50.00;   40.00;    8.75;   0.640;       0;    2.61; 1001.47;    3.33
26.02.2024 14:58:00;  101.00;  -50.00;   40.00;    8.75;   0.640;       0;    2.13; 1001.48;    3.10
26.02.2024 14:59:00;  101.00;  -50.00;   40.00;    8.76;   0.641;       0;    1.32; 1001.49;    1.90
26.02.2024 15:00:00;  101.00;  -50.00;   40.00;    8.75;   0.642;       0;    2.14; 1001.51;    2.76
26.02.2024 15:01:00;  101.00;  -50.00;   40.00;    8.74;   0.641;       0;    2.43; 1001.53;    3.61
26.02.2024 15:02:00;  101.00;  -50.00;   40.00;    8.73;   0.641;       0;    1.68; 1001.54;    2.78
26.02.2024 15:03:00;  101.00;  -50.00;   40.00;    8.73;   0.641;       0;    0.91; 1001.55;    1.40
26.02.2024 15:04:00;  101.00;  -50.00;   40.00;    8.74;   0.642;       0;    0.63; 1001.56;    0.98
26.02.2024 15:05:00;  101.00;  -50.00;   40.00;    8.74;   0.644;       0;    0.32; 1001.57;    0.96
